feature	SOKP01	Cutibacterium	Streptomyces	Bifidobacterium	Bifidobacterium.1	Microbacterium	NM07.P.09	Deinococcus	Pseudomonas_E	Pseudomonas	Halomonas	Acidibacter	ZC4RG30	Methylophaga	Thiomicrorhabdus	Hylemonella	Variovorax	Limnohabitans	Acidovorax	Pelomonas	Aquabacterium	Aquabacterium.1	Aquincola	Lautropia	Undibacterium	Massilia	Herbaspirillum	Herbaspirillum.1	Ralstonia	Neisseria	Moraxella_A	Moraxella	Acinetobacter	Klebsiella	Vibrio	Brevundimonas	Caulobacter	Tardiphaga	Bradyrhizobium	Methylobacterium.Methylorubrum	Methylobacterium	Bosea	Nereida	HIMB11	Phaeobacter	Erythrobacter	Qipengyuania	Novosphingobium	Sphingomonas	Pelagibacter	VGCI01	Rikenella	Odoribacter	Alistipes	Phocaeicola	Bacteroides	Prevotella	Cryptobacteroides	Desulfovibrio	Desulfovibrio.1	Desulfovibrio.2	Mucispirillum	Fimbriiglobus	Dysosmobacter	Pelethomonas	Enterenecus	Neglecta	Eubacterium_R	HGM12619	UBA3282	COE1	Lachnospiraceae.NK4A136.group	Gemella	Ligilactobacillus	Lactobacillus	Clostridium	Turicibacter	Staphylococcus	Priestia	Niallia	Rossellomorea	Anaerobacillus	Ileibacterium	Dubosiella	Faecalibaculum	Stenotrophomonas	Lacticaseibacillus	Duncaniella	CAG.485	Duncaniella.1	UBA7173	Paramuribaculum	Muribaculum	Streptococcus
71HT8.fastq	63	45	0	0	75	0	0	332	1097	6034	118	132	73	56	115	0	0	44	47	164	0	69	0	85	0	508	57	0	307	0	22	58	5235	0	0	0	0	0	144	70	132	0	3	197	0	26	0	38	456	36	0	46	158	41	71	0	74	148	0	15	254	0	0	0	0	41	0	0	0	63	0	268	0	0	829	68	0	0	0	0	0	0	0	104	151	47	0	329	208	0	18	125	11	0
43CT5.fastq	96	13	0	0	19	0	7	0	29	227	9	11	2	2165	3597	0	0	17	0	13	0	0	0	0	0	0	0	0	0	17	0	13	61	11	0	0	0	0	0	0	0	0	13	0	48	0	0	6	5	0	0	0	46	0	5	0	0	75	7	26	51	0	0	2	0	0	4	10	0	32	0	87	0	0	167	6	0	0	0	0	0	0	0	35	111	4	0	63	72	0	2	78	20	0
50HT6.fastq	102	32	6	0	33	0	0	0	2288	25148	65	10	8	0	61	0	0	0	0	45	20	46	0	0	0	92	11	0	64	0	0	0	566	0	0	0	8	18	25	45	64	11	11	0	0	0	0	337	47	0	0	4	125	88	0	0	28	351	0	14	55	0	2	0	25	0	0	92	0	144	0	331	0	39	444	0	0	0	56	0	0	0	90	206	0	0	0	188	199	21	0	87	101	0
22HT3.fastq	70	13	0	0	34	0	0	0	317	3529	19	0	0	18	20	0	0	7	0	0	0	0	0	9	0	20	0	0	9	0	0	16	67	0	0	0	0	0	0	0	8	0	5	0	0	9	0	10	3	0	0	7	54	0	13	0	16	140	0	0	26	0	0	0	0	0	0	0	0	43	0	89	17	0	87	19	0	0	19	0	0	0	7	19	73	16	4	83	24	0	8	67	26	56
24HT3.fastq	0	7	0	0	0	0	0	0	49	636	0	0	0	0	5	0	33	0	5	0	0	0	0	0	0	29	0	0	7	0	0	0	11	0	0	0	5	0	0	0	0	8	0	0	0	0	0	233	8	0	0	0	4	0	0	0	0	15	0	0	0	0	0	0	0	0	0	0	9	0	0	19	0	0	27	0	0	0	0	0	0	0	0	0	12	0	0	14	22	9	0	21	0	0
107LT11.fastq	0	0	0	0	0	0	0	0	707	16927	0	0	0	0	0	0	6	0	0	0	0	8	0	0	0	7	0	0	11	0	0	0	200	0	0	0	0	0	0	6	7	0	0	6	0	0	0	9	2	0	0	0	0	0	0	0	0	0	0	0	0	0	0	0	0	0	0	0	0	0	0	0	0	0	0	0	0	0	0	0	0	0	0	0	0	0	0	0	0	0	0	0	0	0
42CT5.fastq	106	15	0	0	0	0	0	0	137	1119	22	0	0	5	7	0	0	4	0	12	0	8	0	9	0	27	0	0	28	0	0	21	108	0	0	0	0	0	0	0	4	0	0	0	18	0	0	15	3	0	0	3	26	0	14	17	10	28	0	22	33	0	5	0	0	0	0	9	0	29	31	58	0	31	143	0	0	0	72	0	0	2	12	14	10	0	0	104	53	0	0	65	23	0
46CT5.fastq	71	27	0	0	0	0	0	69	344	2039	52	36	0	0	64	57	0	0	0	8	0	31	0	0	0	530	0	0	407	30	54	0	11990	0	0	0	0	0	14	0	48	0	0	0	0	0	0	0	161	83	0	0	0	0	0	0	0	334	0	162	63	0	0	0	0	0	117	0	0	747	0	261	0	0	2174	0	0	0	0	0	0	0	79	165	0	0	0	59	39	0	0	0	0	0
44CT5.fastq	191	0	0	30	0	0	0	38	11271	20212	51	0	0	0	0	190	0	0	0	76	27	68	0	0	111	54	43	0	37	0	0	0	4810	0	0	0	20	0	11	14	31	0	0	0	0	0	0	47	60	0	0	0	111	0	0	0	0	23	0	0	12	0	0	0	0	0	0	82	0	29	0	36	0	0	0	28	0	0	153	0	0	0	0	11	0	0	0	0	0	0	0	37	0	0
21HT3.fastq	297	169	0	0	99	0	0	30	350	5248	248	49	42	225	211	0	77	0	0	12	0	0	0	0	0	1076	0	0	0	0	54	74	411	0	0	0	244	284	50	6	549	432	0	70	0	0	0	4210	130	0	0	0	512	0	0	0	0	457	0	0	135	71	93	0	32	0	0	0	0	256	37	203	0	0	378	0	0	7	36	0	0	45	0	37	89	0	0	53	166	0	0	125	135	36
31CT4.fastq	641	0	5	94	0	0	0	0	1672	5673	36	0	0	0	25	69	0	38	0	0	13	88	20	0	17	118	0	0	23	0	0	1618	769	33	64	0	62	0	11	0	15	0	0	0	34	32	41	49	52	0	0	0	43	11	122	0	0	249	30	71	69	6	29	23	0	37	0	57	0	122	0	600	29	59	310	0	25	6	1058	27	109	0	0	93	425	0	43	135	0	39	0	23	127	39
77LT18.fastq	109	40	0	0	82	0	62	0	3225	9118	291	0	5	80	39	0	55	0	0	0	0	0	12	0	0	171	0	34	162	0	0	134	3378	0	0	0	23	0	23	11	72	14	76	114	0	67	0	283	129	0	27	0	465	39	59	0	0	440	56	65	202	0	20	0	0	0	0	0	0	91	15	331	0	64	979	10	0	0	0	0	0	0	94	34	64	0	58	444	322	0	0	25	170	0
51HT6.fastq	34	77	0	0	0	0	0	21	1332	2066	96	0	0	43	65	0	0	0	10	89	15	23	0	0	7	143	6	0	78	40	0	0	499	0	0	0	38	0	2	0	21	0	17	0	0	0	4	41	13	0	0	6	60	0	18	0	21	67	11	26	39	13	0	0	0	0	26	31	4	125	0	107	0	11	411	0	0	0	348	0	0	0	37	100	117	13	0	107	0	0	0	97	18	0
53HT6.fastq	0	289	0	0	0	276	0	221	825	9420	384	0	0	0	0	0	0	0	0	133	0	70	0	0	0	1222	96	0	922	0	0	0	13893	0	0	0	28	0	153	0	27	0	0	0	0	0	11	175	18	0	0	137	0	0	0	0	0	0	0	0	0	0	0	0	0	0	0	0	0	0	0	0	0	0	5	0	0	0	2824	0	273	0	0	107	0	134	0	244	0	0	0	0	201	0
54HT6.fastq	0	96	0	0	0	0	0	153	292	1154	0	157	135	0	0	0	0	0	301	1007	0	800	0	0	0	1506	43	120	1211	0	0	0	7804	0	0	0	0	0	958	4	54	0	0	0	0	0	0	49	383	0	0	0	0	0	0	0	0	0	0	0	0	0	743	0	0	0	0	0	0	0	0	0	0	0	10	0	0	0	163	0	0	0	0	0	0	0	0	0	0	0	0	0	0	0
105LT11.fastq	7	0	0	0	26	0	0	34	6120	15942	36	5	0	7	0	19	0	0	0	0	0	5	0	4	7	24	0	25	37	0	0	0	2794	6	0	0	0	0	0	6	0	0	0	0	0	0	0	11	13	0	0	0	37	0	12	0	0	50	0	0	9	0	0	0	0	0	0	0	0	65	0	48	0	0	99	0	0	0	96	0	53	0	14	4	19	0	14	16	26	0	0	0	0	0
56HT17.fastq	609	0	0	1114	0	0	0	0	1618	3962	0	672	27	0	0	0	129	0	339	0	0	0	0	0	0	320	0	0	441	0	0	0	4662	0	375	0	0	0	222	467	49	0	1156	0	0	0	0	386	56	0	0	0	988	0	0	0	0	1143	0	0	1133	0	0	0	0	321	0	0	0	0	0	1341	0	0	7	0	0	0	2331	416	60	0	0	0	0	0	0	94	0	0	0	0	88	0
108LT12.fastq	21	0	0	0	0	0	0	0	5779	17189	0	0	0	7	0	16	0	0	0	0	0	154	0	0	17	50	12	0	32	0	0	0	1038	0	0	0	0	0	0	0	7	0	0	368	0	0	0	4	13	441	0	0	0	0	0	7	0	20	0	0	0	0	0	0	8	0	6	0	0	11	0	90	0	5	19	0	9	0	30	0	0	0	0	0	0	0	0	20	13	0	0	15	0	0
55HT17.fastq	0	185	89	0	0	0	0	1623	2282	3969	0	105	90	0	0	73	119	0	63	345	0	295	0	0	0	923	0	49	896	0	179	0	11916	0	0	0	79	70	270	0	796	0	0	0	0	0	0	4424	220	0	0	0	0	0	0	440	0	0	0	0	0	0	323	0	0	0	0	0	0	251	9	0	0	0	274	236	0	0	282	0	0	0	0	0	0	0	0	0	561	0	0	211	0	0
57HT17.fastq	358	0	0	0	207	0	0	843	465	4112	442	12	0	103	270	11	0	65	35	45	0	18	8	29	0	1551	26	27	312	13	0	37	3226	0	109	0	10	0	17	20	92	0	149	86	0	0	0	121	121	138	0	28	438	84	89	31	127	591	33	60	201	133	57	0	0	0	0	0	0	250	42	290	26	160	1153	99	0	0	0	0	0	20	0	71	173	18	0	424	389	0	47	145	152	0
49HT6.fastq	469	383	0	0	192	0	0	111	420	7662	278	0	24	76	183	4	0	0	0	49	0	207	0	0	84	251	0	0	43	0	0	82	413	0	319	0	0	0	0	152	22	0	138	59	0	82	0	25	80	0	0	0	608	130	0	132	64	827	0	0	218	0	11	0	0	0	0	0	0	450	117	361	0	48	1409	102	0	0	0	0	0	45	0	234	0	0	0	616	184	0	70	160	56	0
62CT7.fastq	0	0	0	0	0	5	0	232	4007	1197	0	0	10	0	0	0	0	0	0	166	67	62	38	0	0	478	124	0	697	0	16	0	4946	0	0	47	0	0	3	37	79	0	0	0	0	0	34	41	45	0	0	0	0	0	0	0	0	0	0	0	0	0	12	0	0	0	0	0	0	0	0	0	0	0	0	0	0	0	793	0	98	0	0	0	0	0	0	0	0	0	0	0	0	0
104LT11.fastq	0	0	0	0	0	0	0	0	1027	19791	19	0	0	0	0	15	0	0	0	31	0	0	0	0	5	30	0	0	60	0	0	0	1049	0	0	0	0	3	0	5	27	0	0	0	0	0	0	45	56	0	0	8	14	3	0	3	0	30	0	0	0	0	0	0	0	0	0	0	0	76	0	12	0	0	7	32	29	0	4	0	0	0	0	18	0	0	0	0	0	0	0	0	0	0
48HT6.fastq	283	4264	0	0	0	0	0	0	258	10727	16	20	0	47	0	38	0	45	19	0	0	150	0	30	0	110	0	0	114	0	0	26	1234	11	0	0	13	0	11	10	25	0	0	0	0	0	0	46	32	0	0	23	279	16	40	67	0	64	20	97	181	9	24	25	0	37	0	0	0	68	0	44	19	67	385	21	0	13	779	13	80	0	0	203	78	0	0	841	389	0	0	674	164	0
58HT17.fastq	579	0	0	69	88	0	27	19	811	3416	138	0	6	13	52	0	22	26	0	0	0	0	0	41	0	52	0	0	32	154	0	87	2308	33	87	0	5	0	6	0	26	7	6	57	0	0	0	221	12	30	0	47	626	48	120	225	0	511	0	55	80	13	13	0	0	0	0	0	37	590	0	227	48	146	623	281	0	0	0	0	0	0	85	197	131	27	0	249	117	68	0	232	145	51
64CT7.fastq	0	42	0	0	10	0	0	235	3910	1572	0	0	44	0	35	28	0	0	24	41	23	49	412	0	23	3113	86	0	625	0	0	0	14955	0	0	0	0	0	35	0	273	0	0	40	0	0	30	33	263	0	0	0	0	0	0	0	81	72	0	0	22	0	8	0	0	0	0	0	0	45	0	93	0	0	90	78	0	0	2804	84	184	0	46	0	27	0	0	40	64	38	0	46	0	0
61CT7.fastq	664	54	0	125	181	0	0	11	192	3828	0	0	36	0	0	0	0	0	17	0	0	35	0	0	0	383	20	0	48	0	0	80	1071	36	123	0	0	0	0	64	44	0	0	0	37	0	0	57	63	0	0	0	1061	145	113	0	0	527	0	112	201	51	0	87	0	0	0	96	6	465	152	621	62	171	2419	123	53	0	0	0	0	0	0	221	505	0	0	293	114	68	126	234	315	0
63CT7.fastq	0	0	0	0	0	0	0	107	8481	3231	0	0	0	0	0	76	38	0	8	52	25	41	56	0	0	2517	14	0	605	0	48	0	10897	0	0	0	81	19	0	73	81	32	0	46	0	0	0	951	163	0	0	0	42	0	0	0	0	0	0	0	0	0	0	0	0	0	0	0	0	0	0	0	0	0	0	0	0	0	16	0	5	0	0	0	0	0	0	22	0	0	0	0	0	0
32CT4.fastq	283	60	0	31	122	0	0	0	127	1834	90	0	0	176	166	0	0	0	0	41	0	21	30	15	0	20	0	0	0	15	0	35	116	55	23	0	0	0	15	0	11	0	29	46	0	0	0	0	5	0	0	326	372	25	214	18	44	1076	30	353	995	43	27	14	0	46	77	136	16	159	33	676	54	130	911	0	45	0	17	0	0	10	100	240	585	0	0	383	234	91	58	268	365	251
59HT17.fastq	197	69	0	43	70	14	60	9	408	3779	53	0	9	57	97	0	0	39	0	64	0	6	0	34	7	145	0	0	65	81	0	529	1325	0	0	0	0	0	5	0	10	0	124	0	7	0	0	7	12	16	0	79	340	84	113	24	0	500	35	61	277	29	0	0	196	0	17	52	37	173	1039	579	57	70	731	12	0	16	111	0	35	26	0	205	278	15	0	554	185	78	0	217	102	154
60HT17.fastq	28	83	0	0	20	0	0	0	224	1753	39	0	0	11	39	0	0	6	11	25	0	0	0	0	0	14	0	6	0	0	0	0	272	0	0	0	0	0	0	0	0	0	0	0	0	0	0	27	7	20	0	6	78	38	16	0	0	58	10	0	36	5	0	0	7	0	0	0	0	36	0	112	0	0	211	6	9	0	0	0	0	0	19	23	9	0	0	74	45	16	0	105	17	0
52HT6.fastq	62	15	0	0	38	0	7	5	275	1396	12	0	0	7	0	0	0	13	0	14	0	0	0	0	3	0	0	0	0	27	0	46	245	26	0	0	4	0	0	0	0	0	0	0	0	3	0	7	0	0	0	70	911	73	167	24	0	797	0	26	66	11	0	41	60	13	0	23	9	64	13	153	22	97	6747	0	12	23	0	0	0	3	46	76	154	15	0	82	84	29	5	121	86	168
72HT8.fastq	0	0	0	2	0	0	0	356	2784	1666	19	7	0	0	0	108	65	0	0	47	0	0	0	0	0	795	0	0	434	0	0	0	16420	0	0	0	0	7	0	10	70	9	0	0	0	0	0	290	44	0	0	0	0	0	0	13	0	122	0	0	0	0	0	0	0	0	0	0	0	10	0	67	7	4	258	0	0	0	0	0	0	0	0	28	0	0	0	0	0	6	0	36	12	0
70HT8.fastq	0	24	0	0	0	18	0	66	4857	3142	0	0	12	260	124	0	0	0	0	107	0	27	0	0	0	133	7	0	102	0	0	0	14094	0	0	0	0	0	92	76	0	0	0	0	0	0	51	77	85	0	0	0	0	0	280	0	0	0	0	0	0	0	0	0	0	0	0	0	0	0	0	216	0	0	457	0	0	0	3931	105	173	0	0	103	0	0	0	0	0	0	0	150	0	0
74HT8.fastq	47	29	18	0	0	0	0	0	7848	3527	141	9	18	42	0	11	134	0	11	149	0	14	0	0	0	151	0	0	218	0	16	0	2173	29	0	0	54	44	19	81	151	39	0	0	0	0	0	996	91	0	0	24	123	0	39	0	0	144	17	28	78	0	4	10	0	0	0	0	0	21	0	99	0	0	372	64	19	0	9	0	0	0	11	58	56	0	11	128	24	0	0	0	34	0
82CT9.fastq	10	0	0	0	22	0	0	0	1847	2294	0	0	0	0	0	5	0	0	0	0	0	0	0	0	0	7	0	0	0	0	0	0	148	0	0	0	0	0	0	0	0	0	0	0	0	0	0	2	2	0	0	0	0	0	0	0	0	6	0	0	9	0	0	0	0	0	0	0	0	0	2	17	0	0	0	0	0	0	0	0	0	0	0	4	0	0	0	0	0	0	0	0	0	11
87CT9.fastq	0	0	0	0	0	0	2	0	353	7953	0	0	0	0	0	0	0	0	0	0	0	0	0	0	0	0	0	0	4	0	0	0	50	0	0	0	0	0	0	0	0	0	0	0	0	0	0	3	0	0	0	0	0	0	0	0	0	2	0	0	0	0	0	0	0	0	0	0	0	0	0	0	0	0	0	0	0	0	0	0	0	0	0	0	0	0	0	0	0	0	0	0	0	0
93HT10.fastq	6	0	0	0	0	0	0	0	81	652	0	0	0	0	0	0	0	0	0	0	0	0	0	0	0	0	0	0	0	0	0	0	24	0	0	0	0	0	0	0	0	0	0	0	0	9	0	0	0	0	0	0	14	15	0	0	0	61	0	11	0	3	0	0	0	0	0	0	0	6	0	27	0	0	66	0	0	0	0	0	0	0	0	7	0	4	0	27	13	0	0	7	0	0
68HT8.fastq	0	0	0	0	0	0	0	14	40	54	0	0	0	0	0	15	0	0	5	0	0	35	0	0	0	86	7	0	24	0	0	8	731	0	0	0	0	0	0	0	0	0	0	0	0	0	0	10	10	0	0	0	0	0	0	0	0	0	0	0	0	0	0	0	0	0	0	0	0	0	0	5	0	0	8	0	0	0	8	0	0	0	0	0	20	0	0	0	0	0	0	5	0	0
92HT10.fastq	5	0	0	0	0	0	0	0	224	118	0	0	0	0	0	5	0	0	0	0	0	11	0	0	4	0	0	0	6	0	0	0	99	0	0	0	0	0	0	0	0	0	0	4	0	6	0	0	0	0	0	23	171	0	7	25	14	82	0	36	73	0	0	0	5	0	0	0	0	46	0	25	0	56	428	0	0	0	0	0	0	0	0	0	15	551	0	765	253	5	45	173	307	0
80LT18.fastq	55	0	14	0	155	0	0	196	3746	2916	351	74	0	72	108	0	42	34	29	18	0	60	19	60	0	197	0	0	99	0	0	0	5741	0	2	0	23	35	17	140	95	0	0	0	7	18	0	732	136	0	0	0	655	0	110	10	0	372	90	0	74	13	6	0	0	64	0	0	36	41	0	530	34	0	601	0	118	0	0	0	0	0	33	34	0	45	46	0	0	0	0	165	59	0
111LT12.fastq	0	0	0	0	72	12	0	71	7708	13901	0	0	0	0	21	34	0	0	0	7	10	52	0	0	60	40	11	0	20	23	0	30	2451	0	0	0	22	0	0	0	21	0	0	0	0	23	0	35	19	0	0	0	430	103	325	345	0	1195	0	44	0	79	0	19	91	0	0	0	82	528	18	623	0	20	168	0	0	0	114	0	0	0	0	70	143	0	0	123	25	0	0	131	139	0
81CT9.fastq	128	0	0	0	10	0	0	0	121	1027	11	0	0	0	0	0	0	0	0	6	0	0	0	0	0	0	0	0	0	0	0	0	26	0	0	8	0	0	0	0	0	0	3	0	3	0	0	4	0	0	0	10	43	15	7	7	0	65	23	0	12	5	0	0	7	0	0	0	0	7	0	94	0	25	65	55	60	0	0	0	0	0	16	20	33	0	3	6	12	0	0	13	19	0
90HT10.fastq	31	0	0	28	0	0	0	0	1015	29172	17	0	0	6	17	0	10	0	0	0	0	8	0	0	4	0	0	0	19	0	0	0	202	0	0	0	0	0	0	3	0	0	7	0	0	0	0	46	0	0	0	12	80	0	16	3	10	100	0	0	14	0	0	0	0	0	0	17	0	45	15	117	0	24	142	16	0	30	0	0	0	0	0	36	16	0	9	54	27	14	0	0	0	0
95LT21.fastq	0	0	26	0	0	0	0	0	16119	13445	675	75	0	0	220	0	0	0	0	1343	0	198	6	0	1007	896	0	0	276	0	0	0	3393	0	0	0	0	0	0	164	61	0	0	0	0	0	0	303	46	0	0	0	8	0	0	0	0	2	0	0	0	0	0	0	0	0	0	0	0	0	0	0	0	0	6	0	0	35	169	0	0	308	0	0	0	0	0	0	0	0	0	15	0	0
96LT21.fastq	0	0	0	4	0	0	0	0	119	2234	0	0	0	0	0	0	0	0	0	0	0	0	0	0	0	0	0	0	0	0	0	0	24	0	0	0	0	0	0	0	0	0	0	0	0	0	0	0	0	0	0	0	0	0	0	0	0	0	0	0	0	0	0	0	0	0	0	0	0	8	0	8	0	0	14	0	0	0	0	0	0	0	2	0	0	0	0	0	0	0	0	0	0	8
94HT10.fastq	28	0	0	0	33	0	0	0	4807	5863	84	0	0	0	0	0	0	0	0	5	0	10	0	0	22	0	5	0	10	0	0	0	58	0	0	0	0	0	0	0	0	0	13	33	0	36	0	0	0	35	0	0	61	21	13	17	10	116	10	0	41	0	0	8	0	0	0	8	0	63	0	158	0	0	236	0	0	0	42	0	0	0	25	19	42	41	0	165	65	0	0	114	24	0
112LT12.fastq	14	0	0	0	0	0	0	0	1858	856	71	0	0	0	0	5	0	0	0	0	0	12	0	0	12	0	0	0	14	0	0	3	207	0	0	0	7	0	0	0	0	0	14	0	0	0	0	0	4	0	0	9	0	0	0	0	5	33	0	12	0	0	0	3	0	0	0	0	0	24	0	37	0	0	28	14	0	0	5	0	0	0	17	15	17	0	0	40	29	0	6	0	28	0
109LT12.fastq	0	0	0	0	0	0	0	11	16078	2974	0	0	0	0	0	0	0	0	10	0	2	25	3	0	10	26	0	0	24	0	0	0	700	0	0	0	6	0	0	12	6	0	0	0	0	0	0	8	5	0	0	0	0	0	0	0	0	0	0	0	0	0	0	0	0	0	0	0	0	13	0	0	0	0	5	0	0	0	0	0	0	0	0	0	0	0	0	0	0	0	0	0	0	0
67CT7.fastq	68	9	0	0	0	0	8	35	745	1189	14	0	0	0	14	0	0	0	0	0	0	21	0	73	0	81	16	0	44	0	0	19	1596	0	0	0	0	0	14	20	7	0	0	0	7	0	0	9	20	0	0	0	80	15	44	0	11	135	0	19	66	0	0	11	0	0	8	0	0	173	0	177	23	21	238	0	0	0	229	0	0	0	5	125	94	10	0	60	96	50	10	34	19	0
99LT21.fastq	101	0	8	29	0	0	0	91	2244	25473	425	0	0	0	0	7	94	0	0	11	0	17	8	0	10	48	13	0	41	143	0	0	1377	27	0	0	8	0	17	7	73	15	0	0	0	40	0	223	22	0	0	37	134	0	26	56	0	96	16	0	32	0	11	0	0	0	0	0	0	86	0	49	0	13	69	0	0	0	26	0	0	0	0	40	0	0	0	127	0	80	0	0	105	91
97LT21.fastq	59	0	0	0	55	0	12	5	7039	10056	21	0	0	0	0	8	0	0	7	0	0	105	0	0	47	15	9	0	14	0	0	8	668	35	0	4	0	0	35	0	0	0	29	0	0	0	0	0	0	0	0	0	79	23	130	19	0	339	0	0	37	0	0	23	0	51	13	8	0	353	0	879	0	36	1329	47	22	0	111	0	0	13	90	114	20	0	15	118	35	17	9	142	106	0
114LT12.fastq	19	0	0	0	0	0	0	0	6151	19404	73	0	0	0	17	4	0	0	0	11	0	11	0	0	13	23	14	0	52	74	0	0	659	0	11	0	0	0	0	0	0	0	21	9	0	0	0	0	2	0	0	0	38	0	0	0	22	57	0	43	0	0	0	0	0	0	7	0	0	9	0	19	0	0	58	0	0	0	23	10	11	0	0	7	0	0	0	104	95	7	0	85	80	0
88HT10.fastq	27	11	0	0	0	0	0	5	8886	10660	41	5	0	0	0	0	0	0	4	0	0	173	0	0	0	13	13	0	13	0	0	0	339	0	0	0	0	0	0	0	0	0	0	0	0	0	0	0	0	0	0	0	27	0	10	0	7	60	0	24	0	0	0	0	0	0	0	0	0	12	12	38	0	0	103	4	0	0	39	0	0	0	0	0	34	0	14	14	13	0	0	21	0	0
116HT22.fastq	0	0	0	0	0	0	0	0	851	32092	16	0	0	0	0	0	0	0	0	0	0	0	0	0	8	0	0	0	5	0	0	0	243	6	0	0	5	0	0	6	7	0	0	0	0	0	0	38	7	0	0	0	0	0	0	0	4	0	0	0	6	0	0	0	0	0	0	0	0	0	0	0	0	0	9	0	0	0	0	0	0	0	0	0	0	0	0	0	0	0	0	0	0	0
118HT22.fastq	0	0	0	0	0	0	0	0	28272	5227	56	0	0	0	0	14	0	0	0	14	0	23	57	0	273	29	0	5	61	0	0	0	2359	13	0	0	30	4	0	38	5	0	0	48	0	0	0	8	16	0	0	0	0	0	0	32	0	40	0	40	0	0	0	0	0	0	0	0	0	0	0	0	0	16	27	0	0	3	52	0	0	0	0	0	81	0	0	24	0	0	0	0	0	0
98LT21.fastq	199	0	0	0	55	0	61	28	1135	1357	111	23	9	10	0	17	0	0	0	30	0	13	0	0	12	0	0	0	25	58	0	14	890	90	0	0	8	0	50	0	44	0	77	90	0	0	0	4	99	41	0	5	4044	175	152	20	24	846	5	38	39	77	13	119	32	19	0	397	0	120	31	296	32	134	5897	244	0	0	37	0	0	44	17	275	123	0	74	273	190	32	0	86	315	0
113LT12.fastq	103	0	0	37	0	0	0	0	910	18222	533	0	0	8	24	3	0	0	8	29	0	11	0	0	36	20	0	0	17	52	0	0	762	40	0	0	11	0	0	0	0	3	70	60	11	0	0	25	9	0	11	26	166	14	8	34	161	188	0	0	0	32	0	25	24	0	0	0	0	115	31	104	0	0	120	58	0	0	0	0	0	0	22	0	25	12	0	313	495	38	0	194	145	0
69HT8.fastq	12	12	0	0	18	0	4	2	814	746	39	5	0	13	10	0	21	0	0	14	0	0	0	0	0	11	0	0	74	0	0	8	856	0	7	0	20	11	5	54	41	0	0	0	0	3	0	180	15	0	0	0	34	0	15	0	0	71	0	10	50	12	0	0	0	4	0	0	0	18	0	40	0	16	132	6	0	7	10	0	0	0	0	62	43	10	0	33	19	0	0	31	18	0
115HT22.fastq	17	0	0	0	0	0	0	40	18947	3599	621	0	0	15	18	11	0	7	0	12	5	79	0	41	16	57	0	0	36	0	0	24	941	14	0	0	5	0	7	19	49	0	0	9	4	0	0	29	38	0	0	25	49	0	41	0	10	61	0	84	157	0	0	0	0	0	0	0	0	25	0	89	0	0	57	4	0	13	7	0	16	89	14	0	0	0	5	278	50	10	0	157	129	0
117HT22.fastq	16	0	0	6	0	0	0	9	4214	6904	1975	0	0	6	0	0	0	0	0	0	0	11	0	0	4	49	0	16	42	37	0	8	1241	0	0	0	5	0	0	46	0	0	0	0	0	13	0	0	35	0	0	8	9	0	0	0	121	514	0	28	0	17	0	0	0	10	7	0	0	9	0	22	18	3	21	0	3	0	145	0	27	457	0	0	10	0	0	411	93	0	40	116	108	0
73HT8.fastq	257	0	0	0	115	0	20	5	424	311	11	0	0	8	7	0	0	0	0	59	0	0	0	0	0	0	0	0	24	0	0	0	219	311	0	0	0	0	0	0	0	0	0	34	0	0	0	0	15	0	0	60	190	9	29	0	12	715	15	0	101	5	0	30	0	0	20	32	11	40	7	780	0	41	850	0	12	6	51	0	0	0	0	13	57	0	0	291	109	72	27	208	151	49
122HT13.fastq	0	0	0	0	0	5	0	0	3007	42086	0	0	0	0	0	0	0	0	0	6	0	0	0	0	0	7	81	30	9	0	0	0	183	0	14	0	0	0	0	0	3	0	0	0	0	0	0	30	0	0	0	0	0	0	0	0	0	0	0	0	0	0	0	0	0	0	0	0	0	0	0	0	0	0	0	0	0	0	25	0	0	0	0	0	0	0	0	0	0	0	0	0	0	0
123HT13.fastq	0	0	0	0	0	0	0	0	566	35123	0	0	0	0	0	0	0	0	0	0	0	0	0	0	0	7	2	0	0	0	0	0	67	0	0	0	0	0	0	0	0	0	0	0	0	0	0	3	0	0	0	0	0	0	0	0	0	0	0	0	0	0	0	0	0	0	0	0	0	0	0	0	0	0	0	0	0	0	0	0	0	0	0	0	0	0	0	0	0	0	0	0	0	0
119HT22.fastq	0	0	16	0	0	0	0	0	1552	34709	0	0	0	0	0	232	32	0	0	11	0	0	0	0	83	21	0	0	5	0	0	0	474	0	0	0	20	6	0	0	21	0	0	0	0	0	0	93	10	0	0	0	0	0	0	0	0	2	0	0	0	0	0	0	0	0	0	0	7	0	6	0	0	0	0	6	0	0	23	0	0	0	0	0	8	0	0	0	3	0	0	0	0	0
120HT22.fastq	0	0	0	0	0	0	0	0	9131	20993	0	0	0	0	0	62	0	0	0	0	0	9	15	0	190	95	36	0	10	0	0	0	1483	0	0	7	0	0	0	15	0	0	0	0	0	0	10	16	13	0	0	0	0	0	0	0	0	0	0	0	0	0	0	0	0	0	0	0	0	0	0	0	0	0	0	0	0	0	172	3	0	0	0	0	0	0	0	0	0	0	0	0	0	0
121HT13.fastq	0	0	0	0	0	0	0	123	8789	13216	0	0	0	0	0	85	0	0	0	77	0	0	9	0	0	154	10	0	144	0	31	0	6874	0	0	0	25	0	0	22	54	0	0	0	14	0	0	82	75	0	21	0	0	0	0	0	0	0	0	0	0	0	0	0	0	0	0	0	0	0	0	0	0	0	0	0	0	0	0	0	0	0	0	0	0	0	0	0	0	0	0	0	0	0
126HT13.fastq	0	0	0	0	0	0	0	0	733	38640	0	0	0	0	0	7	0	0	0	5	0	0	0	0	0	0	0	0	10	0	0	0	140	0	0	0	0	0	0	0	0	0	0	0	0	0	0	13	0	0	0	0	0	0	0	0	0	0	0	0	0	0	0	0	0	0	0	0	0	0	0	0	0	0	0	0	0	0	0	0	0	0	0	0	0	0	0	0	0	0	0	0	0	0
125HT13.fastq	0	0	0	0	0	0	0	5	4090	40543	0	0	0	0	0	52	0	0	0	16	0	0	11	0	43	40	156	66	19	0	0	0	501	0	0	8	0	0	0	25	7	0	0	0	0	0	0	26	19	0	48	0	0	0	0	0	0	0	0	0	0	0	0	0	0	0	0	0	0	0	0	0	0	0	0	0	0	0	31	0	0	0	0	0	0	0	0	0	0	0	0	0	0	0
110LT12.fastq	0	0	0	0	0	0	0	8	503	8477	0	0	0	0	0	4	0	0	0	0	0	0	0	0	0	0	0	0	16	0	0	0	1130	0	0	0	0	0	0	0	5	0	0	0	0	0	0	36	0	0	0	0	6	0	0	0	0	0	0	0	0	0	0	0	0	0	0	0	0	0	0	13	0	0	0	0	0	0	0	0	0	0	0	0	0	8	0	0	0	0	0	0	0	0
128CT15.fastq	0	0	0	0	0	0	0	32	4082	40686	0	0	0	0	0	0	0	0	0	14	0	111	0	0	0	0	41	32	27	0	0	0	338	0	0	0	0	0	0	0	24	0	0	0	0	0	0	30	0	0	0	0	0	0	0	0	0	0	0	0	0	0	0	0	0	0	0	0	0	0	0	0	0	0	0	0	0	0	31	0	0	0	0	0	0	0	0	0	0	0	0	0	0	0
129CT15.fastq	0	0	0	0	0	0	0	0	578	30455	0	0	0	0	0	0	0	0	0	0	0	0	0	0	0	0	0	0	0	0	0	0	21	0	0	0	3	0	0	0	0	0	0	0	0	0	0	0	0	0	0	0	0	0	0	0	0	0	0	0	0	0	0	0	0	0	0	0	0	0	0	0	0	0	0	0	0	0	0	0	0	0	0	0	0	0	0	0	0	0	0	0	0	0
131CT15.fastq	0	0	0	0	0	0	0	0	2957	35713	0	0	0	0	13	85	0	0	0	0	0	20	0	0	11	0	38	29	21	0	0	0	647	0	0	0	0	0	0	18	0	0	0	0	0	0	0	34	17	0	0	0	0	0	0	0	0	0	0	0	0	0	0	0	0	0	0	0	0	0	0	0	0	0	11	0	0	0	40	16	0	0	0	0	0	0	0	0	0	0	0	0	0	0
101LT11.fastq	142	0	0	32	0	0	0	22	1565	26056	0	0	0	0	0	16	31	0	4	0	8	0	0	0	14	59	0	0	101	0	0	5	1118	0	0	0	15	0	12	24	21	7	0	53	0	0	0	140	18	15	0	24	253	0	0	36	42	193	0	0	35	0	10	0	0	0	10	18	0	136	0	190	11	0	159	39	0	9	0	0	0	0	0	46	0	27	0	172	118	0	0	62	32	49
124HT13.fastq	0	0	0	0	0	0	0	17	7111	14178	0	0	0	0	0	63	0	0	0	57	0	25	13	0	64	156	0	0	129	0	0	0	2219	0	0	0	9	0	0	52	19	0	0	0	0	0	0	7	65	0	0	0	0	0	0	0	0	0	0	0	0	0	0	0	0	0	0	0	0	0	0	0	0	0	0	0	0	0	0	0	0	0	0	0	0	0	0	0	0	0	0	0	0	0
102LT11.fastq	0	0	0	0	0	6	0	0	6890	19960	0	0	0	0	0	0	0	0	0	0	0	4	0	0	0	80	34	0	36	0	0	0	518	0	0	0	7	0	0	0	9	0	0	0	0	0	11	17	21	0	0	0	0	0	0	0	0	9	0	0	0	0	0	0	0	0	0	0	0	0	0	3	0	0	12	5	0	0	429	15	0	0	0	0	0	0	0	0	0	0	0	4	0	0
127HT13.fastq	0	0	0	0	0	0	0	6	6398	15930	0	0	0	0	0	159	0	0	0	18	0	34	0	0	45	22	0	0	26	0	10	0	779	0	0	0	0	0	0	22	5	0	0	0	0	0	0	8	32	0	10	0	0	0	0	0	0	0	0	0	0	0	0	0	0	0	0	0	0	0	0	0	0	0	0	0	0	0	0	0	0	0	0	0	0	0	0	0	0	0	0	0	0	0
130CT15.fastq	0	0	0	0	0	0	0	33	8312	17384	0	0	0	0	0	182	0	0	0	45	10	68	10	0	15	202	9	0	160	0	40	0	3899	0	0	0	30	0	0	154	76	0	0	0	0	0	0	57	228	0	18	0	0	0	0	0	0	0	0	0	0	0	0	0	0	0	0	0	0	0	0	4	0	0	0	0	0	0	0	0	0	0	0	0	0	0	0	0	0	0	0	0	0	0
135HT23.fastq	0	0	0	0	0	0	0	0	819	37798	0	0	0	0	0	14	0	0	0	0	0	0	0	0	0	2	0	0	0	0	0	0	205	0	0	0	0	0	0	0	0	3	0	0	0	0	0	26	7	0	0	0	0	0	0	0	0	0	0	0	0	0	0	0	0	0	0	0	0	0	0	0	0	0	0	0	0	0	0	0	0	0	0	0	0	0	0	0	0	0	0	0	0	0
27HT3.fastq	0	8	0	0	0	0	0	0	103	836	0	0	0	0	31	0	65	0	0	27	12	13	0	0	0	107	0	0	0	0	0	0	41	0	0	0	14	0	0	0	0	0	0	0	0	0	0	250	0	0	0	0	0	0	0	0	0	36	0	0	0	0	8	0	0	0	0	0	0	0	30	11	0	0	0	0	0	0	0	0	0	0	0	0	74	0	0	0	21	0	0	0	27	0
100LT21.fastq	0	0	0	0	8	6	0	0	8334	18822	16	0	0	0	0	8	0	0	3	10	0	0	0	0	0	133	0	22	25	0	0	0	301	0	0	0	11	0	0	0	8	0	36	17	0	0	18	9	31	0	0	0	54	0	23	0	0	125	14	23	0	0	0	0	29	0	0	0	0	80	36	78	0	0	189	0	0	0	125	4	36	0	0	47	17	0	0	92	70	0	0	0	49	0
148CT20.fastq	0	0	0	0	0	0	0	39	668	35564	0	0	0	0	0	17	14	0	0	0	4	12	0	0	0	12	0	0	0	0	0	0	366	0	0	0	6	0	0	0	0	0	0	0	0	0	0	39	2	0	0	0	0	0	0	0	0	0	0	0	0	0	0	0	0	0	0	0	0	0	0	0	0	0	4	0	0	0	0	0	0	0	0	0	0	0	0	0	0	0	0	0	0	0
133CT15.fastq	0	0	0	0	0	0	0	0	4381	17236	0	0	0	0	0	56	0	0	0	7	0	22	17	0	19	35	0	0	20	0	38	0	1122	0	0	9	11	0	0	11	0	0	0	0	0	0	0	11	24	0	13	0	0	0	0	0	0	0	0	0	0	0	0	0	0	0	0	0	0	0	0	0	0	0	0	0	0	0	0	0	0	0	0	0	0	0	0	0	0	0	0	0	0	0
153CT20.fastq	0	0	0	0	0	0	0	8	1888	34158	0	0	0	0	0	0	0	0	0	0	0	0	0	0	7	4	40	0	11	0	0	0	765	0	0	0	3	0	0	15	0	0	0	0	0	0	0	14	0	0	0	0	0	0	0	0	0	0	0	0	0	0	0	0	0	0	0	0	0	0	0	0	0	0	0	0	0	0	33	0	0	0	0	0	0	0	0	0	0	0	0	0	0	0
138HT23.fastq	0	0	10	0	0	0	0	0	484	32658	0	0	0	11	0	42	0	0	0	0	0	0	0	0	0	17	0	0	13	0	16	0	719	0	0	0	18	8	0	24	0	0	0	0	274	0	0	112	12	0	0	0	0	0	0	0	0	0	0	0	0	0	0	0	0	0	0	0	0	0	0	2	0	0	0	0	0	22	0	0	0	0	0	0	0	0	0	0	0	0	0	0	0	0
132CT15.fastq	0	0	0	0	0	0	0	0	753	36994	0	0	0	0	0	37	0	0	0	0	0	13	0	0	14	18	0	0	10	0	35	0	753	0	0	4	10	0	0	0	10	0	0	0	0	0	0	45	21	0	0	0	0	0	0	0	0	0	0	0	0	0	0	0	0	0	0	0	0	0	0	0	0	0	0	0	0	0	0	0	0	0	0	0	0	0	0	0	0	0	0	0	0	0
25HT3.fastq	308	0	0	0	155	83	0	0	1424	6956	77	0	38	0	0	0	0	36	0	25	199	57	0	0	0	642	0	0	7	0	0	0	455	0	0	25	43	0	56	0	28	0	55	0	0	0	57	11	19	0	0	53	233	0	237	50	34	862	0	0	109	87	18	165	0	0	0	0	49	168	0	613	0	86	996	0	0	0	1267	75	235	0	155	47	151	0	0	196	95	110	0	103	171	59
33CT4.fastq	351	8	146	0	124	0	0	0	262	8547	80	74	36	204	217	137	509	0	15	0	0	5	0	0	0	153	0	0	77	0	0	38	97	0	0	0	315	227	98	54	795	99	136	0	0	100	0	8535	74	0	0	371	716	0	136	129	0	15	0	0	223	10	99	0	0	0	0	0	0	651	12	278	0	0	619	138	0	0	0	0	0	208	0	0	202	20	0	160	151	0	0	0	0	0
134CT15.fastq	0	0	0	0	0	0	0	0	3573	40702	0	0	0	0	0	72	0	0	0	35	0	20	0	0	20	131	42	0	26	0	18	0	697	0	0	0	0	0	0	4	9	0	0	0	0	0	0	45	26	0	0	0	0	0	0	0	0	0	0	0	0	0	7	0	0	0	0	0	0	0	0	0	0	0	0	0	0	12	16	0	7	0	0	0	0	0	0	0	0	0	0	0	0	0
78LT18.fastq	0	11	0	0	0	40	0	44	1593	5111	32	0	54	511	0	0	0	0	0	221	0	0	0	0	0	150	0	0	21	0	0	0	6024	0	0	206	0	0	129	58	76	0	0	0	0	0	55	76	589	0	63	0	292	0	0	0	0	0	0	0	0	0	96	0	0	0	0	0	0	147	0	0	0	0	520	0	0	25	3149	41	248	0	0	0	0	0	0	0	0	0	0	0	0	0
29CT4.fastq	538	142	0	0	104	0	0	0	1635	14842	84	0	25	53	0	0	0	52	0	18	0	103	0	0	0	170	34	0	0	0	0	62	133	34	0	0	0	0	77	0	0	0	35	0	34	0	0	14	30	0	0	46	505	0	101	0	67	581	30	49	278	0	0	0	0	71	0	0	0	43	66	910	37	98	726	0	65	0	0	0	0	0	0	225	246	0	0	362	0	0	0	401	310	0
137HT23.fastq	0	0	0	0	0	0	0	0	4334	40187	0	0	0	0	0	29	0	0	0	4	0	59	4	0	22	8	98	42	0	0	0	0	573	0	0	0	0	0	0	23	8	0	0	0	0	0	0	68	9	0	6	0	0	0	0	0	0	0	0	0	0	0	0	0	0	0	0	0	0	0	0	0	0	0	0	0	0	0	31	0	0	0	0	0	0	0	0	0	0	0	0	0	0	0
30CT4.fastq	65	23	14	157	40	0	67	0	168	7288	29	0	2	8	8	0	29	6	0	0	0	0	0	0	0	27	0	0	0	0	0	26	47	0	0	0	11	0	8	0	0	0	4	11	0	0	0	272	0	0	0	40	60	50	94	0	7	643	54	140	434	0	0	0	0	20	0	232	85	45	23	1477	0	84	1551	14	0	0	0	0	0	0	235	536	2014	0	0	84	103	36	0	170	90	0
142LT19.fastq	0	0	21	0	0	0	0	0	975	43668	0	0	0	0	2	14	27	0	0	0	0	0	12	0	0	0	0	13	6	0	0	0	401	0	41	0	13	0	0	39	17	0	0	0	0	0	0	56	25	0	0	0	0	0	0	0	0	0	0	0	0	0	0	0	0	0	0	0	0	0	0	0	0	0	0	0	0	0	0	0	0	0	0	0	0	0	0	0	0	0	0	0	0	0
139HT23.fastq	0	11	0	0	0	0	0	0	2522	9146	0	0	0	126	485	153	0	0	0	26	0	15	0	0	0	29	0	0	14	0	0	0	1216	0	0	0	0	0	0	32	32	0	0	0	0	0	0	26	52	0	0	0	0	0	0	0	0	0	0	0	0	0	0	0	0	0	0	0	0	0	0	0	0	0	0	0	0	0	0	0	0	0	0	0	0	0	0	0	0	0	0	0	0	0
141LT19.fastq	0	0	0	0	0	0	0	0	3857	41178	0	0	0	0	0	0	0	0	0	0	0	0	0	0	0	7	93	32	9	0	0	0	461	0	0	0	0	0	6	18	6	0	0	0	0	0	0	25	3	0	12	0	0	0	0	0	0	0	0	0	0	0	0	0	0	0	0	0	0	0	0	0	0	0	0	0	0	0	20	0	0	0	0	0	0	0	0	0	0	0	0	0	0	0
136HT23.fastq	0	0	0	0	0	0	0	11	3208	11600	0	0	0	0	0	64	12	0	12	93	0	19	6	0	0	92	0	0	99	0	145	0	9360	0	0	19	0	0	0	61	71	0	0	0	0	0	0	41	90	0	0	0	0	0	0	0	0	0	0	0	0	0	0	0	0	0	0	0	0	0	0	0	0	0	0	0	0	0	0	0	0	0	0	0	0	0	0	6	2	0	0	0	0	0
103LT11.fastq	0	0	0	2	0	0	0	30	17933	6856	0	4	0	0	0	0	0	0	0	0	0	9	5	0	8	36	0	0	82	0	0	0	1562	0	0	0	4	0	0	0	9	0	0	0	0	0	0	6	26	0	0	0	0	0	0	0	0	0	0	7	0	0	0	0	0	0	0	0	0	6	0	14	0	0	27	0	0	0	17	0	6	0	0	0	0	0	0	0	4	0	0	0	0	0
106LT11.fastq	57	0	0	0	0	0	18	0	12333	3127	185	18	0	0	6	17	0	0	0	19	0	126	4	11	0	28	0	0	23	65	0	0	1375	0	0	12	24	0	0	4	7	0	48	159	14	15	0	14	13	0	0	24	42	0	0	0	19	84	0	25	58	0	0	0	0	0	24	25	15	88	9	92	0	0	122	41	0	0	0	0	0	0	0	31	70	0	22	110	105	0	0	103	11	57
143LT19.fastq	0	0	0	0	0	0	0	0	2810	21807	0	0	0	0	0	18	0	0	0	10	0	0	0	0	0	0	0	0	11	0	0	0	242	0	0	0	0	0	0	0	6	0	0	0	0	0	0	0	4	0	0	0	0	0	0	0	0	0	0	0	0	0	0	0	0	0	0	0	0	0	0	0	0	0	0	0	0	0	0	0	0	0	0	0	0	0	0	0	0	0	0	0	0	0
79LT18.fastq	68	115	0	0	0	7	0	88	285	1827	0	0	88	0	0	0	0	0	0	167	0	84	0	0	0	538	0	0	124	0	0	0	6722	0	27	0	0	0	65	0	103	0	0	0	0	0	0	21	50	169	0	0	127	0	0	0	0	83	0	70	0	0	60	0	0	0	0	0	0	10	0	50	0	0	477	0	7	0	434	0	0	0	0	0	157	0	0	0	0	0	0	15	0	0
154CT20.fastq	0	0	0	0	0	0	0	0	336	33843	0	0	0	0	0	7	0	0	0	0	0	0	0	0	0	0	0	2	0	0	5	0	54	0	0	0	0	0	0	0	0	0	0	0	0	0	0	8	0	0	0	0	0	0	0	0	0	0	0	0	0	0	0	0	0	0	0	0	0	0	0	0	0	0	0	0	0	0	0	0	0	0	0	0	0	0	0	0	0	0	0	0	0	0
147LT19.fastq	0	0	0	0	0	4	0	0	4448	39944	0	0	0	0	0	9	0	0	0	11	12	0	0	0	0	11	82	0	10	0	0	0	641	0	0	0	0	0	0	0	0	0	0	0	0	0	0	85	17	0	0	0	0	0	0	0	0	0	0	0	0	0	0	0	0	0	0	0	0	0	0	0	0	0	0	0	0	0	100	5	0	0	0	0	0	0	0	0	0	0	0	0	0	0
144LT19.fastq	0	0	0	0	0	23	0	2	4839	39794	0	0	0	0	0	17	0	0	0	0	0	0	15	0	4	26	97	0	26	0	0	0	400	0	0	5	0	0	0	0	14	0	0	0	0	0	8	77	15	0	0	0	0	0	0	0	0	0	0	0	0	0	0	0	0	0	0	0	0	0	0	0	0	0	4	0	0	0	105	0	10	0	0	0	0	0	0	0	0	0	0	0	0	0
146LT19.fastq	0	0	0	0	0	0	0	9	3635	30581	0	0	0	0	0	36	0	0	0	0	0	19	0	0	0	100	0	0	26	0	0	0	751	0	0	0	0	0	0	14	0	0	0	0	0	0	0	33	48	0	0	0	0	0	0	0	0	0	0	0	0	0	0	0	0	0	0	0	0	0	0	0	0	0	2	0	0	0	0	0	0	0	0	0	0	0	0	0	0	0	0	0	0	0
145LT19.fastq	0	0	0	0	0	0	0	0	384	40104	0	0	0	0	0	0	0	0	0	0	0	0	0	0	0	0	0	0	0	0	0	0	95	0	0	0	7	3	0	0	0	0	0	0	0	0	0	23	0	0	3	0	0	0	0	0	0	0	0	0	0	0	0	0	0	0	0	0	0	0	0	0	0	0	0	0	0	0	0	0	0	0	0	0	0	0	0	0	0	0	0	0	0	0
150CT20.fastq	0	0	0	0	0	0	0	0	4090	40054	0	0	0	0	0	18	0	0	0	0	0	8	0	0	0	32	38	24	34	0	18	0	783	0	0	0	13	0	0	2	0	0	0	0	0	0	0	68	33	0	0	0	0	0	0	0	0	0	0	0	0	0	0	0	0	0	0	0	0	0	0	0	0	0	3	0	0	0	125	0	47	0	0	0	0	0	0	0	0	0	0	0	0	0
45CT5.fastq	64	39	10	0	0	0	0	96	1679	4387	0	118	61	122	0	0	163	0	9	1368	172	84	0	0	0	214	0	0	478	0	97	0	5985	0	0	0	0	0	125	0	147	0	0	0	0	0	28	91	559	0	0	0	642	0	0	0	0	568	0	0	116	0	44	0	202	0	0	0	0	493	0	326	0	0	578	317	0	0	1699	113	149	0	0	0	0	0	0	223	0	0	0	0	18	0
40LT14.fastq	115	169	0	0	64	0	0	27	489	2002	146	25	180	0	191	0	0	0	0	45	0	118	0	533	0	352	0	0	0	91	0	100	1170	79	0	0	66	0	105	0	19	0	0	0	0	0	71	88	183	229	0	193	656	167	40	212	0	630	0	96	105	0	52	0	0	0	0	0	94	218	10	1292	0	0	705	0	0	0	634	0	0	0	128	0	229	0	0	227	129	0	0	9	359	0
47CT5.fastq	0	138	161	0	0	0	0	811	2084	5736	0	0	573	0	0	167	840	0	0	0	15	164	0	0	0	1147	0	0	931	14	36	0	10627	0	0	0	197	194	164	9	305	0	0	0	0	0	0	3527	489	0	0	402	371	0	0	0	0	0	0	0	0	0	0	0	0	0	0	0	0	0	0	4	44	0	0	0	0	45	0	0	0	0	0	0	0	0	0	0	0	0	0	151	0	0
37LT14.fastq	612	0	0	363	0	13	0	0	1110	12934	0	171	112	0	0	0	0	0	44	276	22	334	0	0	0	364	0	0	68	0	0	0	28	0	0	0	0	0	22	0	0	0	0	0	0	0	26	0	160	0	0	0	319	0	0	0	0	804	0	0	0	0	111	0	0	0	0	56	0	0	0	462	0	0	77	0	0	0	1019	0	69	0	0	230	214	0	0	0	285	61	0	201	0	0
41CT5.fastq	0	0	0	0	0	0	0	132	1693	3499	0	0	6	0	0	111	82	0	107	290	0	26	10	0	8	3728	0	45	982	140	126	12	13318	0	0	0	33	31	0	45	52	35	0	10	0	0	0	816	50	120	4	144	691	0	83	78	82	198	0	228	0	0	39	0	0	0	0	41	0	93	478	140	7	0	194	0	88	33	0	0	0	0	0	0	78	0	0	535	780	0	0	396	140	0
152CT20.fastq	0	0	0	0	0	0	0	23	3739	28205	0	0	0	0	0	17	0	0	5	0	0	15	4	0	0	12	0	0	25	0	0	0	1387	0	0	5	0	0	0	34	11	0	0	0	0	0	0	2	28	0	0	0	0	0	0	0	0	0	0	0	0	0	0	0	0	0	0	0	0	0	0	0	0	0	9	0	0	0	0	0	0	0	0	0	0	0	0	0	0	0	0	0	0	0
151CT20.fastq	0	0	0	0	0	0	0	0	241	21891	0	0	0	0	0	0	0	0	0	0	0	0	0	0	0	0	0	0	0	0	0	0	8	0	0	0	0	0	0	0	0	0	0	0	0	0	0	0	0	0	0	0	0	0	0	0	0	0	0	0	0	0	0	0	0	0	0	0	0	0	0	0	0	0	9	0	0	0	0	0	0	0	0	0	0	0	0	0	0	0	0	0	0	0
156CT24.fastq	0	0	0	0	0	0	0	8	3788	38892	0	0	0	0	0	12	0	0	0	5	0	16	0	0	0	15	33	0	7	0	11	0	194	0	0	0	0	0	0	0	0	0	0	0	0	0	0	24	7	0	0	0	0	0	0	0	0	0	0	0	0	0	0	0	0	0	0	0	0	0	0	2	0	0	0	0	0	0	29	0	0	0	0	0	0	0	0	0	0	0	0	0	8	0
160CT24.fastq	0	0	0	0	0	0	0	0	1229	6092	0	0	0	0	0	6	0	0	0	0	0	0	0	0	0	0	0	0	0	0	0	0	215	0	0	0	0	0	0	0	0	0	0	0	0	0	0	0	0	0	0	0	0	0	0	0	0	0	0	0	0	0	0	0	0	0	0	0	0	0	0	0	0	0	0	0	0	0	0	0	0	0	0	0	0	0	0	0	0	0	0	0	0	0
159CT24.fastq	0	0	0	0	0	0	0	0	525	39827	0	0	0	0	0	15	0	0	0	0	0	0	0	0	0	13	0	0	7	0	0	0	284	0	0	0	8	0	0	0	0	0	0	0	0	0	0	36	0	0	0	0	0	0	0	0	0	0	0	0	0	0	0	0	0	0	0	0	0	3	0	0	0	0	0	0	0	0	0	0	0	0	0	0	0	0	0	0	0	0	0	0	0	0
149CT20.fastq	0	0	0	0	0	0	0	80	2836	32069	0	0	0	0	0	9	0	0	0	17	0	154	0	0	14	0	0	0	2	0	12	0	210	0	0	0	5	0	0	54	17	0	0	0	0	0	0	11	10	0	28	0	0	0	0	0	0	0	0	0	0	0	0	0	0	0	0	0	0	0	0	0	0	0	7	0	0	0	0	0	0	0	0	0	0	0	0	0	0	0	0	0	0	0
155CT24.fastq	0	12	0	0	0	0	0	4	3845	28479	0	0	0	0	0	26	0	0	0	25	0	21	17	0	0	61	0	0	99	0	23	0	3270	0	0	0	11	0	0	60	50	0	0	0	0	0	7	12	70	0	8	0	0	0	0	0	0	0	0	0	0	0	0	0	0	0	0	0	0	0	0	0	0	0	2	0	0	0	0	0	0	0	0	0	0	0	0	0	0	0	0	0	0	0
23HT3.fastq	5	0	0	0	0	0	0	0	214	2643	0	0	0	0	0	0	0	0	0	0	0	0	0	0	0	0	0	0	0	0	0	0	17	0	0	0	0	0	0	4	3	0	0	0	0	0	0	0	0	0	0	0	9	0	39	26	0	107	0	7	0	0	0	0	0	0	0	0	0	0	0	78	0	0	21	0	0	0	0	0	0	0	8	0	21	0	0	17	8	7	0	0	0	0
26HT3.fastq	0	6	0	0	0	30	0	736	34	9505	1327	89	338	0	0	0	0	0	0	32	581	642	0	0	0	3892	0	0	0	0	0	0	861	0	0	0	0	0	192	296	799	0	0	0	0	0	0	296	548	0	0	0	0	0	0	0	0	0	0	0	630	0	909	0	0	0	0	0	0	0	0	2	0	56	2132	0	0	0	168	0	0	0	0	0	0	0	0	454	877	0	0	0	0	0
