feature	metadata	value	coef	stderr	N	N.not.0	pval	qval
Faecalibaculum	log_reads	log_reads	-1.43756190200287	0.283171275361871	121	49	1.47339666848792e-06	0.000415497860513594
Lachnospiraceae.NK4A136.group	log_reads	log_reads	-1.5258642973593	0.361909000536351	121	73	5.0675383527706e-05	0.00714522907740655
Bradyrhizobium	log_reads	log_reads	0.906253092821291	0.229669133074118	121	41	0.000139881782190842	0.0131488875259392
Ileibacterium	log_reads	log_reads	-0.607749010000714	0.159652887879626	121	27	0.000257999824048288	0.0181889875954043
ZC4RG30	log_reads	log_reads	0.796635349951241	0.221172448071489	121	29	0.000473057834706396	0.0252474584347117
Desulfovibrio.1	log_reads	log_reads	-0.826098320833484	0.232005648839179	121	37	0.000537179966695993	0.0252474584347117
Methylobacterium	log_reads	log_reads	1.04022969778057	0.316373193776101	121	76	0.00133529621476364	0.0499276877670177
Paramuribaculum	log_reads	log_reads	-1.0949524967493	0.334877537333029	121	54	0.00141638830544731	0.0499276877670177
CAG.485	log_reads	log_reads	-1.15712605950213	0.374336522144075	121	55	0.00249504487357884	0.0781780727054702
Cryptobacteroides	log_reads	log_reads	-1.2808563747268	0.426421322989194	121	67	0.00326966360122801	0.0868540854679078
Stenotrophomonas	log_reads	log_reads	-0.399868276565251	0.133411077256916	121	19	0.00338792531967016	0.0868540854679078
Moraxella_A	treatment	Low	-1.43081112105923	0.440069013394043	121	23	0.00426159006989743	0.10014736664259
Mucispirillum	log_reads	log_reads	-0.382477341124414	0.136104345286354	121	22	0.00580587094501657	0.125942738961129
Methylobacterium.Methylorubrum	log_reads	log_reads	0.898778654487082	0.324445779975315	121	59	0.00673374998417284	0.13563696396691
SOKP01	log_reads	log_reads	-0.781152841619071	0.295809342267971	121	54	0.00940906552271802	0.149213947194767
Lactobacillus	log_reads	log_reads	-1.03860895409574	0.385645605266305	121	82	0.00817383224244572	0.149213947194767
Duncaniella	log_reads	log_reads	-0.846628327069609	0.32116259377237	121	59	0.00952429450179361	0.149213947194767
Muribaculum	log_reads	log_reads	-0.83571979487832	0.314583371868287	121	49	0.0090219330737743	0.149213947194767
Moraxella	log_reads	log_reads	-0.654198844479534	0.250185612928893	121	30	0.0101056613937196	0.149989290159418
Thiomicrorhabdus	log_reads	log_reads	-0.971302748499344	0.382414544850332	121	37	0.0125324207210862	0.164427625549807
Alistipes	log_reads	log_reads	-0.63019009938053	0.249271635983716	121	25	0.0128276870996303	0.164427625549807
UBA7173	log_reads	log_reads	-0.356832272932277	0.14004113671253	121	14	0.0121283659810896	0.164427625549807
Moraxella_A	log_reads	log_reads	0.418640442575292	0.17126252185541	121	23	0.0162119926822613	0.198773127669465
Massilia	log_reads	log_reads	0.888021414976896	0.370383475226841	121	95	0.0181412654173442	0.213159868653794
Phaeobacter	log_reads	log_reads	-0.354120993344105	0.149368719497326	121	14	0.0198090091442828	0.22344562314751
Dubosiella	log_reads	log_reads	-0.684724868945962	0.303251144017877	121	48	0.0258031655931952	0.279865103741579
Herbaspirillum.1	log_reads	log_reads	0.42220443888476	0.194238436982216	121	19	0.0317467529816851	0.300358979158318
Phaeobacter	treatment	High	-0.769280901734422	0.326430207666905	121	14	0.0302621735875851	0.300358979158318
Turicibacter	log_reads	log_reads	-0.375253260996696	0.170431827203202	121	16	0.0302190851549403	0.300358979158318
Duncaniella.1	log_reads	log_reads	-0.422508435190407	0.194534170148041	121	25	0.0319530828891827	0.300358979158318
Acidibacter	log_reads	log_reads	0.469822442396846	0.21806736530814	121	25	0.0332536631378964	0.302501064673768
Herbaspirillum	log_reads	log_reads	0.583675325030179	0.281097838206353	121	39	0.0402131084711185	0.354378018401732
Ligilactobacillus	log_reads	log_reads	-0.530286443882934	0.257803520360803	121	31	0.0420197319217041	0.359077709149108
Cutibacterium	log_reads	log_reads	-0.457846106072531	0.226402222035483	121	38	0.0454769654025546	0.364964725183564
Deinococcus	log_reads	log_reads	0.758419412927914	0.381554669834252	121	58	0.0491796438190618	0.364964725183564
Desulfovibrio	log_reads	log_reads	-0.301483955633141	0.148756174202087	121	19	0.0449668615010271	0.364964725183564
HGM12619	log_reads	log_reads	-0.315413671891524	0.156987894346032	121	15	0.0481137582893231	0.364964725183564
UBA3282	log_reads	log_reads	-0.717583912980499	0.359518164317568	121	62	0.0482873612820634	0.364964725183564
Hylemonella	log_reads	log_reads	0.483350377353076	0.248275010775644	121	64	0.0545590106677313	0.394503615597441
Streptococcus	log_reads	log_reads	-0.185691760988551	0.0974709396389023	121	14	0.0601300556534165	0.423916892356586
Streptomyces	log_reads	log_reads	0.226276699516519	0.120699280852901	121	14	0.0635612584884292	0.425785978730442
Pseudomonas_E	treatment	Low	0.986012587461611	0.502670570847581	121	121	0.0649248123596064	0.425785978730442
Erythrobacter	log_reads	log_reads	-0.274117049994878	0.146399781700742	121	16	0.0638537027535216	0.425785978730442
Microbacterium	treatment	Low	0.688288610754135	0.348960745383131	121	15	0.0719578030783309	0.451763091328375
Stenotrophomonas	treatment	High	0.644279172282885	0.334244800686726	121	19	0.0720898549992087	0.451763091328375
NM07.P.09	log_reads	log_reads	-0.227601131865759	0.128686437722219	121	13	0.080349245336505	0.472051816351967
Phaeobacter	treatment	Low	-0.664820104568541	0.357859873053351	121	14	0.080231910235579	0.472051816351967
Phocaeicola	log_reads	log_reads	-0.413380160978101	0.234172368376763	121	41	0.0801303341835146	0.472051816351967
Lautropia	log_reads	log_reads	-0.31833566789285	0.183541403973472	121	14	0.086883805561097	0.500025166698558
Neglecta	log_reads	log_reads	-0.201151356436056	0.120756683028928	121	13	0.0984370424888712	0.549489000503958
Turicibacter	treatment	High	-0.670620864238514	0.379751053234488	121	16	0.0993756703039072	0.549489000503958
HIMB11	treatment	Low	0.638598497850185	0.387959300178388	121	24	0.102438195312153	0.554740156519939
Prevotella	log_reads	log_reads	-0.381267294537688	0.232274331449861	121	28	0.104259674806939	0.554740156519939
Hylemonella	treatment	Low	-1.0192172168251	0.601400237633603	121	64	0.109013257992927	0.569291458407507
Microbacterium	treatment	High	0.538599697819028	0.318456568613293	121	15	0.115866625377207	0.594079788297679
Novosphingobium	log_reads	log_reads	0.544700121529674	0.348695054717392	121	103	0.120964446805074	0.609142392839839
Lacticaseibacillus	treatment	Low	0.498195122010999	0.303794508741129	121	13	0.125667534763424	0.621723593040099
Halomonas	treatment	High	1.14449693976765	0.727209931119885	121	52	0.134430633344971	0.642532857682741
Sphingomonas	log_reads	log_reads	0.450764912872466	0.297966456479245	121	96	0.133087815901713	0.642532857682741
Undibacterium	log_reads	log_reads	0.342702868867644	0.235891977063852	121	43	0.14895937128873	0.666692274609286
Ralstonia	log_reads	log_reads	0.482033357486514	0.32881906799349	121	97	0.145366601680116	0.666692274609286
Methylobacterium.Methylorubrum	treatment	High	1.13101244294733	0.738321285570993	121	59	0.146318028052239	0.666692274609286
Rikenella	log_reads	log_reads	-0.39286698195126	0.269186944985857	121	34	0.147173662196655	0.666692274609286
Odoribacter	log_reads	log_reads	-0.483673160906025	0.336764287355244	121	60	0.153670205140438	0.666692274609286
COE1	log_reads	log_reads	-0.324458183562989	0.225122368769784	121	26	0.152912990217633	0.666692274609286
Moraxella_A	treatment	High	-0.59261802799707	0.401355026814951	121	23	0.156498053891229	0.668673502989799
Aquincola	treatment	High	-0.680599170089846	0.46545174060149	121	27	0.162757161131182	0.685037603567063
Aquincola	log_reads	log_reads	0.250086798905209	0.17947793455205	121	27	0.1663092546174	0.685727171026808
Herbaspirillum.1	treatment	High	0.543464196997674	0.395190272999916	121	19	0.171698124559133	0.685727171026808
Pelagibacter	treatment	Low	0.612750175478272	0.429161549025959	121	13	0.172647621074126	0.685727171026808
Fimbriiglobus	log_reads	log_reads	0.378018858096485	0.274251189918814	121	30	0.170782577079209	0.685727171026808
Pseudomonas	log_reads	log_reads	0.160679686220957	0.120843823654473	121	121	0.186269231898777	0.719560594458291
CAG.485	treatment	High	1.60104682380353	1.14805212677197	121	55	0.18379443672797	0.719560594458291
Halomonas	treatment	Low	1.06167341863693	0.795822223563603	121	52	0.199756319750422	0.73112678500596
Tardiphaga	log_reads	log_reads	0.253884099374603	0.194346453654266	121	16	0.194720475833343	0.73112678500596
Mucispirillum	treatment	High	0.359531323588854	0.27691282017018	121	22	0.196718560959379	0.73112678500596
Pelethomonas	log_reads	log_reads	-0.175037074460756	0.136253635015317	121	13	0.20222655755484	0.73112678500596
Staphylococcus	treatment	High	0.41792895260421	0.32294681449707	121	17	0.19817576467952	0.73112678500596
Limnohabitans	log_reads	log_reads	-0.171728328106138	0.13659047845065	121	16	0.211206391534513	0.753926612819402
Bifidobacterium.1	log_reads	log_reads	-0.302768758284339	0.242642723281706	121	31	0.214661867707808	0.756683083670023
HIMB11	treatment	High	0.437060769282406	0.354347860681502	121	24	0.219890227995296	0.765543756724364
Microbacterium	log_reads	log_reads	0.182044194276377	0.15084543660715	121	15	0.231119828635749	0.766774019709189
VGCI01	log_reads	log_reads	0.166781800551534	0.138112506473777	121	14	0.229821511088329	0.766774019709189
Desulfovibrio.2	log_reads	log_reads	-0.379336759370752	0.311701244185627	121	47	0.226065798948708	0.766774019709189
Eubacterium_R	log_reads	log_reads	-0.211902187086462	0.17292756999608	121	20	0.22298555333255	0.766774019709189
Dysosmobacter	log_reads	log_reads	-0.165411530605644	0.14330797052092	121	16	0.251358011774096	0.824220457212733
Methylophaga	log_reads	log_reads	-0.287639863419806	0.256456891015657	121	34	0.264333785000156	0.825872438844911
Acidovorax	treatment	High	0.662045223172909	0.568374907217082	121	27	0.260091314935424	0.825872438844911
Aquabacterium	log_reads	log_reads	0.223039898762303	0.201062938734185	121	20	0.269599998402403	0.825872438844911
Neisseria	treatment	Low	0.476933679439654	0.408938822846258	121	18	0.25873856260239	0.825872438844911
Niallia	log_reads	log_reads	0.193160103222131	0.173507853016945	121	14	0.267876879965393	0.825872438844911
Rossellomorea	log_reads	log_reads	0.239743728291675	0.215664841037129	121	22	0.268567934541982	0.825872438844911
Duncaniella	treatment	High	1.25211626467016	1.10367071714642	121	59	0.272362187278641	0.825872438844911
Priestia	treatment	Low	1.24842585348629	1.13545876350227	121	62	0.289447878982611	0.868343636947832
Herbaspirillum	treatment	Low	-0.808900020941192	0.784085578067682	121	39	0.316607438927355	0.901851492702163
Bacteroides	treatment	High	0.705620722515443	0.676816697491189	121	29	0.312866965045492	0.901851492702163
Eubacterium_R	treatment	High	-0.490993988164686	0.469312184043112	121	20	0.310306844040999	0.901851492702163
Lactobacillus	treatment	Low	2.12316400055765	2.03446750764484	121	82	0.310724228298053	0.901851492702163
Paramuribaculum	treatment	High	1.05188907098315	1.01508611374072	121	54	0.315102367230648	0.901851492702163
Acidibacter	treatment	High	0.720090594101108	0.700710019225433	121	25	0.322229157793053	0.90868622497641
Acidibacter	treatment	Low	0.750340437516392	0.764675041121646	121	25	0.343202327101174	0.931122738567876
Hylemonella	treatment	High	-0.463623828767625	0.548534647520625	121	64	0.410042663795759	0.931122738567876
Acidovorax	log_reads	log_reads	-0.200663502307525	0.218904326383032	121	27	0.361314781224599	0.931122738567876
Pelomonas	treatment	High	0.992506355762584	1.02504117120755	121	68	0.346885419838693	0.931122738567876
Aquincola	treatment	Low	-0.499777239012948	0.509877315603793	121	27	0.34107226747697	0.931122738567876
Undibacterium	treatment	Low	0.719126561372358	0.819531910111781	121	43	0.391306741838707	0.931122738567876
Undibacterium	treatment	High	0.702591825779433	0.750838757435334	121	43	0.361670285539267	0.931122738567876
Brevundimonas	treatment	High	-0.251745754995288	0.278529702207049	121	13	0.367938484461699	0.931122738567876
Brevundimonas	log_reads	log_reads	-0.11227559100938	0.136899052699687	121	13	0.413807328211794	0.931122738567876
Tardiphaga	treatment	Low	-0.387879407840256	0.466473574034712	121	16	0.418149728360998	0.931122738567876
Erythrobacter	treatment	High	0.373556990638326	0.375831364906599	121	16	0.336340270599284	0.931122738567876
Qipengyuania	log_reads	log_reads	0.121739571422438	0.147051673631208	121	16	0.409509236450221	0.931122738567876
Odoribacter	treatment	Low	1.29970650538389	1.51791688517432	121	60	0.403732209770482	0.931122738567876
Bacteroides	treatment	Low	0.687024968350336	0.741915167238418	121	29	0.368214835657525	0.931122738567876
Bacteroides	log_reads	log_reads	-0.230480630505019	0.277115327891363	121	29	0.407467778629516	0.931122738567876
Cryptobacteroides	treatment	Low	1.47802095560664	1.7610654336011	121	67	0.413505797887469	0.931122738567876
Desulfovibrio.2	treatment	Low	-0.999946979229733	1.20381780887771	121	47	0.417505458174753	0.931122738567876
Neglecta	treatment	High	-0.207668714879243	0.245687039466528	121	13	0.399692540150643	0.931122738567876
UBA3282	treatment	Low	1.23613184978078	1.49560220876164	121	62	0.419335417723831	0.931122738567876
Lachnospiraceae.NK4A136.group	treatment	Low	1.58484425821621	1.84073598455668	121	73	0.401172493894749	0.931122738567876
Gemella	treatment	Low	-0.44327051091264	0.461515928457982	121	18	0.350200325605557	0.931122738567876
Ligilactobacillus	treatment	Low	-0.698281098955862	0.751079543832782	121	31	0.365167312277035	0.931122738567876
Lactobacillus	treatment	High	1.72790100994771	1.87770841530754	121	82	0.370155026574078	0.931122738567876
Clostridium	log_reads	log_reads	-0.219283088749398	0.257111302944798	121	32	0.395582941820699	0.931122738567876
Priestia	treatment	High	0.892546111035813	1.03717205710642	121	62	0.403828227857065	0.931122738567876
Priestia	log_reads	log_reads	0.33953072806651	0.383516670153904	121	62	0.377893001647537	0.931122738567876
Lacticaseibacillus	log_reads	log_reads	-0.106987730825348	0.122504620671317	121	13	0.384782604665161	0.931122738567876
Halomonas	log_reads	log_reads	-0.204546280336373	0.262808364153677	121	52	0.438004628066368	0.935737159959968
Aquabacterium	treatment	Low	-0.512618562132082	0.645528298592838	121	20	0.437902215775696	0.935737159959968
Ralstonia	treatment	High	0.980517669713518	1.23415680034172	121	97	0.437319623779517	0.935737159959968
HGM12619	treatment	Low	0.288232864345009	0.358463425975904	121	15	0.437602073571163	0.935737159959968
CAG.485	treatment	Low	1.01353226815404	1.25399317181254	121	55	0.431381329838395	0.935737159959968
Methylophaga	treatment	High	0.625045776074142	0.825105625784261	121	34	0.459202139296213	0.946673781279815
Acinetobacter	treatment	High	0.713871411584269	0.953785923142476	121	121	0.464015434265402	0.946673781279815
Erythrobacter	treatment	Low	0.303375561325561	0.411758365034753	121	16	0.472631908232082	0.946673781279815
Qipengyuania	treatment	Low	0.338635506456185	0.454527462428274	121	16	0.475817407062566	0.946673781279815
Cryptobacteroides	treatment	High	1.1805127834968	1.61890893205474	121	67	0.476614966750473	0.946673781279815
Fimbriiglobus	treatment	Low	0.941717506311753	1.21996276396589	121	30	0.451158850823999	0.946673781279815
HGM12619	treatment	High	0.237223973590952	0.327209535679791	121	15	0.482502870881914	0.946673781279815
Gemella	log_reads	log_reads	-0.112246507963858	0.158314089970148	121	18	0.479794968615384	0.946673781279815
Turicibacter	treatment	Low	-0.315448585995402	0.416370299378974	121	16	0.461435109174395	0.946673781279815
Anaerobacillus	treatment	High	0.288329643293264	0.402876479518341	121	13	0.483407888313097	0.946673781279815
UBA7173	treatment	Low	-0.231455536938603	0.311948607460645	121	14	0.459594268437306	0.946673781279815
Muribaculum	treatment	High	0.684764825606174	0.884401904507285	121	49	0.449451784684743	0.946673781279815
Pseudomonas_E	treatment	High	0.320327372273689	0.458532911688001	121	121	0.493524853073227	0.947302445541025
Eubacterium_R	treatment	Low	-0.359185308872978	0.513757027421285	121	20	0.493806593952236	0.947302445541025
Streptococcus	treatment	High	0.144833839416303	0.206345440450277	121	14	0.493114890770102	0.947302445541025
Streptomyces	treatment	Low	-0.217653386369359	0.329713978998452	121	14	0.518096991537564	0.961206260615744
Thiomicrorhabdus	treatment	High	0.632322500065169	0.955760222989503	121	37	0.517972918003741	0.961206260615744
Limnohabitans	treatment	Low	-0.287383022223767	0.429998152560908	121	16	0.51244646112486	0.961206260615744
Klebsiella	log_reads	log_reads	-0.123929203367969	0.187890817646599	121	19	0.510934761352079	0.961206260615744
Sphingomonas	treatment	Low	0.886183930154841	1.33352877926523	121	96	0.514972843905347	0.961206260615744
Novosphingobium	treatment	High	0.72215484358128	1.11702217476642	121	103	0.526608713619686	0.965401486182199
Prevotella	treatment	High	0.324706363281751	0.501869761617493	121	28	0.527205066922194	0.965401486182199
Bosea	treatment	High	0.232650179022644	0.364927441775503	121	14	0.534016434515692	0.971565384086615
Cutibacterium	treatment	High	0.570599758328061	0.92513953276833	121	38	0.545272487294649	0.971804922352164
Streptomyces	treatment	High	-0.176861788193749	0.300841576608571	121	14	0.564527356183004	0.971804922352164
NM07.P.09	treatment	Low	0.125295290900852	0.300110012219983	121	13	0.681397663899171	0.971804922352164
Deinococcus	treatment	High	0.567817067951421	1.26836298636816	121	58	0.659977663974114	0.971804922352164
Pseudomonas	treatment	High	-0.244451889426972	0.487357438160205	121	121	0.622152232483425	0.971804922352164
ZC4RG30	treatment	Low	0.514407318357055	1.09924446401708	121	29	0.646298442597366	0.971804922352164
Variovorax	treatment	Low	-0.241086659792183	0.602495404922934	121	25	0.693934750183937	0.971804922352164
Variovorax	treatment	High	0.22069704397	0.550053919408173	121	25	0.693260129079932	0.971804922352164
Limnohabitans	treatment	High	0.21853666790211	0.393200096139307	121	16	0.585440050955663	0.971804922352164
Aquabacterium	treatment	High	-0.246902691663955	0.590504393220148	121	20	0.681167428902947	0.971804922352164
Aquabacterium.1	log_reads	log_reads	0.12033037362404	0.299001857883119	121	76	0.688117211706372	0.971804922352164
Lautropia	treatment	Low	0.168327529781889	0.429479344932219	121	14	0.703007816169651	0.971804922352164
Massilia	treatment	High	0.933310794121528	1.62899966752571	121	95	0.574137258837107	0.971804922352164
Ralstonia	treatment	Low	0.707079052335769	1.34280926866238	121	97	0.604752490645005	0.971804922352164
Neisseria	log_reads	log_reads	-0.0710493643888463	0.145201116076876	121	18	0.625593027509832	0.971804922352164
Moraxella	treatment	Low	-0.398429504292558	0.843681332588361	121	30	0.642947354461706	0.971804922352164
Acinetobacter	treatment	Low	0.44951692257015	1.03560148325198	121	121	0.669335678407418	0.971804922352164
Klebsiella	treatment	Low	0.207866884142193	0.519141096630741	121	19	0.694123097288815	0.971804922352164
Vibrio	treatment	High	0.222449624471786	0.522792064188832	121	13	0.675674783033048	0.971804922352164
Caulobacter	treatment	High	0.305461459751192	0.583761449974971	121	55	0.607993696768257	0.971804922352164
Tardiphaga	treatment	High	0.230603450565999	0.425497943703028	121	16	0.595366252173575	0.971804922352164
Bradyrhizobium	treatment	Low	0.627188490411277	1.22532994696981	121	41	0.615256585352925	0.971804922352164
Bradyrhizobium	treatment	High	0.488290253040975	1.1310911990185	121	41	0.671454559225549	0.971804922352164
Methylobacterium.Methylorubrum	treatment	Low	-0.354184456849262	0.809568006962477	121	59	0.667977574358499	0.971804922352164
Methylobacterium	treatment	High	0.651860767971221	1.1645613674214	121	76	0.582893558730368	0.971804922352164
Nereida	treatment	Low	0.406201569226078	0.72128515267735	121	26	0.580355586120746	0.971804922352164
Nereida	treatment	High	0.327460686299376	0.659711408209248	121	26	0.625898721813914	0.971804922352164
Nereida	log_reads	log_reads	-0.0889188181358386	0.226323011906277	121	26	0.695128746777361	0.971804922352164
Qipengyuania	treatment	High	-0.168470566181306	0.415490760870871	121	16	0.695180023619025	0.971804922352164
Novosphingobium	treatment	Low	-0.490613829415358	1.21906392198896	121	103	0.692215511601536	0.971804922352164
Sphingomonas	treatment	High	0.598238611627417	1.22764410229381	121	96	0.632252367529293	0.971804922352164
Pelagibacter	treatment	High	0.23882261798204	0.3918507520868	121	13	0.550994458781072	0.971804922352164
Pelagibacter	log_reads	log_reads	-0.0650033681878675	0.14886624752359	121	13	0.663212649448821	0.971804922352164
VGCI01	treatment	Low	0.194878303038873	0.39022436279142	121	14	0.624336393120862	0.971804922352164
Odoribacter	treatment	High	0.610303016819417	1.39756089791099	121	60	0.667982140031469	0.971804922352164
Alistipes	treatment	High	0.276625247450069	0.70535666730994	121	25	0.699632342562817	0.971804922352164
Desulfovibrio	treatment	Low	-0.225543091405469	0.53074685315194	121	19	0.676148556767602	0.971804922352164
Desulfovibrio	treatment	High	-0.263352300957103	0.486518460979842	121	19	0.595492772270265	0.971804922352164
Pelethomonas	treatment	Low	0.158574803591902	0.318061895409516	121	13	0.624360712243105	0.971804922352164
Pelethomonas	treatment	High	0.156332248733746	0.290216685547407	121	13	0.596839342190566	0.971804922352164
Neglecta	treatment	Low	-0.157234972340491	0.268991526323923	121	13	0.559985862577585	0.971804922352164
COE1	treatment	Low	-0.318425519075484	0.543858385134237	121	26	0.566601814481589	0.971804922352164
COE1	treatment	High	-0.195480385554904	0.496060073834587	121	26	0.698822339007948	0.971804922352164
Lachnospiraceae.NK4A136.group	treatment	High	0.718875135804868	1.69802158184665	121	73	0.677458654160992	0.971804922352164
Gemella	treatment	High	-0.195798623499849	0.421463193623289	121	18	0.648238141167708	0.971804922352164
Staphylococcus	log_reads	log_reads	0.0723144075721016	0.158730335137347	121	17	0.649536221710687	0.971804922352164
Ileibacterium	treatment	High	-0.191171735193981	0.342338994903463	121	27	0.583997997837977	0.971804922352164
UBA7173	treatment	High	0.135750584274954	0.284922469046177	121	14	0.634644212476221	0.971804922352164
Muribaculum	treatment	Low	0.50989517561602	0.967579887522399	121	49	0.604856728115437	0.971804922352164
Pelomonas	log_reads	log_reads	0.124804542315312	0.337786831029971	121	68	0.712443657864305	0.980044446427971
SOKP01	treatment	Low	0.068980534380621	1.17021469761501	121	54	0.953711945930112	0.982942924299246
SOKP01	treatment	High	-0.051318098278091	1.07487992964874	121	54	0.962521589875498	0.982942924299246
Cutibacterium	treatment	Low	-0.32845113575016	1.00507315235059	121	38	0.747558195253654	0.982942924299246
Bifidobacterium	treatment	Low	0.145783727269314	0.799110067182108	121	17	0.857503854878175	0.982942924299246
Bifidobacterium	treatment	High	-0.232555510423106	0.731418241864149	121	17	0.754710957467126	0.982942924299246
Bifidobacterium	log_reads	log_reads	0.0390160409501221	0.241562431047773	121	17	0.871967855612347	0.982942924299246
Bifidobacterium.1	treatment	Low	-0.0982312366646075	0.749560650348753	121	31	0.897473098751157	0.982942924299246
Bifidobacterium.1	treatment	High	0.120473905751623	0.685178147146502	121	31	0.862845612492064	0.982942924299246
Deinococcus	treatment	Low	-0.114454189880305	1.38322672457973	121	58	0.934979473969788	0.982942924299246
Pseudomonas_E	log_reads	log_reads	-0.0602503306717084	0.189355305962822	121	121	0.750971643534283	0.982942924299246
Pseudomonas	treatment	Low	0.025755209875926	0.529584876769835	121	121	0.961740974830521	0.982942924299246
ZC4RG30	treatment	High	0.24403168544277	1.01367179430142	121	29	0.812988993707316	0.982942924299246
Methylophaga	treatment	Low	-0.109491731784407	0.900403976895391	121	34	0.904606094088375	0.982942924299246
Thiomicrorhabdus	treatment	Low	-0.0938721966638712	1.04745640896109	121	37	0.929722062796657	0.982942924299246
Variovorax	log_reads	log_reads	-0.0185308891601895	0.210602201167075	121	25	0.93004373218722	0.982942924299246
Acidovorax	treatment	Low	0.104304211080547	0.622614002269623	121	27	0.868880621363207	0.982942924299246
Pelomonas	treatment	Low	0.349707328684093	1.11985974089987	121	68	0.758615841990085	0.982942924299246
Aquabacterium.1	treatment	High	0.0365983298374302	0.832426374139334	121	76	0.965514858265571	0.982942924299246
Lautropia	treatment	High	0.132565512744441	0.391866157682896	121	14	0.741731237514274	0.982942924299246
Massilia	treatment	Low	0.28739951024819	1.76762613379406	121	95	0.872690621388252	0.982942924299246
Herbaspirillum	treatment	High	-0.215552902160091	0.715596682297259	121	39	0.766945419453678	0.982942924299246
Herbaspirillum.1	treatment	Low	0.151826576031731	0.432675793372885	121	19	0.726293300043516	0.982942924299246
Neisseria	treatment	High	0.107015969882696	0.373264433055003	121	18	0.777681518350124	0.982942924299246
Moraxella	treatment	High	-0.255736249898084	0.772505987822877	121	30	0.744923827035496	0.982942924299246
Acinetobacter	log_reads	log_reads	0.039074452736483	0.225533614955272	121	121	0.862759522797059	0.982942924299246
Klebsiella	treatment	High	-0.0551799279512857	0.473740767639785	121	19	0.90874088886592	0.982942924299246
Vibrio	treatment	Low	-0.0926453979418427	0.572730778265198	121	13	0.873316731930919	0.982942924299246
Vibrio	log_reads	log_reads	-0.0349422331872965	0.202647156779192	121	13	0.863417185389346	0.982942924299246
Brevundimonas	treatment	Low	-0.0330378006949777	0.304949458815182	121	13	0.913912672726782	0.982942924299246
Caulobacter	treatment	Low	0.126264592985857	0.639958082506636	121	55	0.846118830779757	0.982942924299246
Methylobacterium	treatment	Low	0.214196754036889	1.26754333053605	121	76	0.867722204856841	0.982942924299246
Bosea	treatment	Low	-0.0689549495723222	0.39977820389972	121	14	0.865582222437313	0.982942924299246
Bosea	log_reads	log_reads	-0.0206332390142615	0.175203536440502	121	14	0.906547299021523	0.982942924299246
HIMB11	log_reads	log_reads	-0.0138284209536158	0.174164141450874	121	24	0.936851079203401	0.982942924299246
VGCI01	treatment	High	-0.0952001597200938	0.356197708684373	121	14	0.79276930014677	0.982942924299246
Rikenella	treatment	Low	-0.234099532594334	0.838959553649939	121	34	0.783701121172381	0.982942924299246
Rikenella	treatment	High	0.21616887491911	0.767021659499276	121	34	0.781699745802911	0.982942924299246
Alistipes	treatment	Low	0.236775459344471	0.771606892794972	121	25	0.762447996606343	0.982942924299246
Phocaeicola	treatment	Low	-0.184275065824193	0.801984525478232	121	41	0.820995337827095	0.982942924299246
Phocaeicola	treatment	High	0.129499061739742	0.734552285273774	121	41	0.862202601208588	0.982942924299246
Prevotella	treatment	Low	-0.098623162066169	0.550127152254297	121	28	0.860107335720219	0.982942924299246
Desulfovibrio.1	treatment	Low	-0.0441894617005452	0.762224864186564	121	37	0.954444963435109	0.982942924299246
Desulfovibrio.1	treatment	High	-0.164354207811703	0.697563653258856	121	37	0.816638869061885	0.982942924299246
Desulfovibrio.2	treatment	High	0.179183713135492	1.10523243118549	121	47	0.873153944870599	0.982942924299246
Mucispirillum	treatment	Low	0.0458405542088697	0.303179208467718	121	22	0.880078707805603	0.982942924299246
Fimbriiglobus	treatment	High	0.263579364081584	1.12297826395108	121	30	0.817432135891373	0.982942924299246
Dysosmobacter	treatment	Low	0.0475764482789325	0.349206277767882	121	16	0.893374134235608	0.982942924299246
Dysosmobacter	treatment	High	-0.0383921650862831	0.318498248075827	121	16	0.905582970397502	0.982942924299246
Enterenecus	treatment	Low	-0.0685358615469612	0.347440647570967	121	13	0.845890553282412	0.982942924299246
Enterenecus	treatment	High	-0.0376768014846888	0.318154620542956	121	13	0.907121391766057	0.982942924299246
Enterenecus	log_reads	log_reads	0.0192190270470732	0.10262153580632	121	13	0.851765913561471	0.982942924299246
UBA3282	treatment	High	0.34404073807469	1.37505926985297	121	62	0.805357903828976	0.982942924299246
Ligilactobacillus	treatment	High	0.0642303626350998	0.685890414723302	121	31	0.926479604782633	0.982942924299246
Clostridium	treatment	Low	-0.0485563889244623	0.730816387356561	121	32	0.947801935282724	0.982942924299246
Clostridium	treatment	High	0.0348616921707009	0.667145332330244	121	32	0.958947725069098	0.982942924299246
Staphylococcus	treatment	Low	-0.0527455360303387	0.353579727858826	121	17	0.881671749297947	0.982942924299246
Niallia	treatment	Low	-0.119026840739936	0.386497385002157	121	14	0.758658168569067	0.982942924299246
Niallia	treatment	High	0.0208693505634367	0.353012600732953	121	14	0.95295908626573	0.982942924299246
Rossellomorea	treatment	Low	-0.0366711815224956	0.480404175652024	121	22	0.939283737948187	0.982942924299246
Rossellomorea	treatment	High	0.0997354433762486	0.438783634846443	121	22	0.820587311770005	0.982942924299246
Anaerobacillus	treatment	Low	0.0631885582940033	0.441415404935353	121	13	0.887738697688771	0.982942924299246
Anaerobacillus	log_reads	log_reads	0.0393489734230485	0.157681182163976	121	13	0.803404433737409	0.982942924299246
Ileibacterium	treatment	Low	0.122252792531854	0.375220963417737	121	27	0.748702488524288	0.982942924299246
Dubosiella	treatment	High	0.240245910540636	1.00342811503323	121	48	0.813580954037367	0.982942924299246
Faecalibaculum	treatment	Low	0.0765512591888237	1.11214196332162	121	49	0.945980857725567	0.982942924299246
Faecalibaculum	treatment	High	0.140009439365203	1.0213961960543	121	49	0.892749003690097	0.982942924299246
Stenotrophomonas	treatment	Low	0.129187867973466	0.366302791023898	121	19	0.728914135272883	0.982942924299246
Lacticaseibacillus	treatment	High	-0.0557257201663066	0.277061595655735	121	13	0.843787551666278	0.982942924299246
Duncaniella	treatment	Low	0.109340841886893	1.20284130372002	121	59	0.928600026332401	0.982942924299246
Duncaniella.1	treatment	Low	-0.098246518267126	0.584322433019673	121	25	0.86855764363814	0.982942924299246
Duncaniella.1	treatment	High	0.135415674968949	0.533870686880751	121	25	0.803045960374641	0.982942924299246
Paramuribaculum	treatment	Low	0.288088571862404	1.10900746760212	121	54	0.798167296209266	0.982942924299246
NM07.P.09	treatment	High	-0.00963460040267892	0.27384036652573	121	13	0.972324489186489	0.986314769606438
Aquabacterium.1	treatment	Low	0.0147203239640485	0.910870745548726	121	76	0.987314482446596	0.995193110869999
Caulobacter	log_reads	log_reads	0.0016163839016929	0.267559910207181	121	55	0.995193110869999	0.995193110869999
Dubosiella	treatment	Low	-0.0118133712084147	1.09439793913105	121	48	0.99150657001725	0.995193110869999
Streptococcus	treatment	Low	0.00139121409676206	0.22612148689338	121	14	0.995171011120979	0.995193110869999
