feature,treatment,n_samples,n_detected,prevalence_percent,median_count_when_present
Acidibacter,Control,38,4,10.526315789473683,55
Acidibacter,Low,33,8,24.242424242424242,24
Acidibacter,High,50,13,26,20
Acidovorax,Control,38,7,18.421052631578945,15
Acidovorax,Low,33,7,21.21212121212121,8
Acidovorax,High,50,13,26,12
Acinetobacter,Control,38,38,100,672
Acinetobacter,Low,33,33,100,762
Acinetobacter,High,50,50,100,646
Alistipes,Control,38,6,15.789473684210526,20
Alistipes,Low,33,7,21.21212121212121,39
Alistipes,High,50,12,24,44.5
Anaerobacillus,Control,38,3,7.894736842105263,10
Anaerobacillus,Low,33,3,9.090909090909092,44
Anaerobacillus,High,50,7,14.000000000000002,45
Aquabacterium,Control,38,9,23.684210526315788,23
Aquabacterium,Low,33,5,15.151515151515152,10
Aquabacterium,High,50,6,12,17.5
Aquabacterium.1,Control,38,27,71.05263157894737,26
Aquabacterium.1,Low,33,20,60.60606060606061,22
Aquabacterium.1,High,50,29,57.99999999999999,27
Aquincola,Control,38,10,26.31578947368421,18.5
Aquincola,Low,33,9,27.27272727272727,8
Aquincola,High,50,8,16,10
Bacteroides,Control,38,5,13.157894736842104,18
Bacteroides,Low,33,10,30.303030303030305,27
Bacteroides,High,50,14,28.000000000000004,28.5
Bifidobacterium,Control,38,5,13.157894736842104,94
Bifidobacterium,Low,33,6,18.181818181818183,30.5
Bifidobacterium,High,50,6,12,35.5
Bifidobacterium.1,Control,38,9,23.684210526315788,40
Bifidobacterium.1,Low,33,8,24.242424242424242,59.5
Bifidobacterium.1,High,50,14,28.000000000000004,72.5
Bosea,Control,38,3,7.894736842105263,35
Bosea,Low,33,4,12.121212121212121,10.5
Bosea,High,50,7,14.000000000000002,9
Bradyrhizobium,Control,38,12,31.57894736842105,14.5
Bradyrhizobium,Low,33,11,33.33333333333333,23
Bradyrhizobium,High,50,18,36,37.5
Brevundimonas,Control,38,5,13.157894736842104,8
Brevundimonas,Low,33,4,12.121212121212121,8.5
Brevundimonas,High,50,4,8,13.5
CAG.485,Control,38,11,28.947368421052634,96
CAG.485,Low,33,15,45.45454545454545,95
CAG.485,High,50,29,57.99999999999999,84
COE1,Control,38,8,21.052631578947366,32
COE1,Low,33,7,21.21212121212121,18
COE1,High,50,11,22,15
Caulobacter,Control,38,17,44.73684210526316,11
Caulobacter,Low,33,16,48.484848484848484,11
Caulobacter,High,50,22,44,16
Clostridium,Control,38,8,21.052631578947366,66.5
Clostridium,Low,33,9,27.27272727272727,39
Clostridium,High,50,15,30,19
Cryptobacteroides,Control,38,17,44.73684210526316,135
Cryptobacteroides,Low,33,20,60.60606060606061,110.5
Cryptobacteroides,High,50,30,60,119
Cutibacterium,Control,38,13,34.21052631578947,27
Cutibacterium,Low,33,4,12.121212121212121,77.5
Cutibacterium,High,50,21,42,32
Deinococcus,Control,38,18,47.368421052631575,38.5
Deinococcus,Low,33,15,45.45454545454545,28
Deinococcus,High,50,25,50,21
Desulfovibrio,Control,38,6,15.789473684210526,30
Desulfovibrio,Low,33,5,15.151515151515152,16
Desulfovibrio,High,50,8,16,16
Desulfovibrio.1,Control,38,10,26.31578947368421,91.5
Desulfovibrio.1,Low,33,10,30.303030303030305,40.5
Desulfovibrio.1,High,50,17,34,28
Desulfovibrio.2,Control,38,15,39.473684210526315,66
Desulfovibrio.2,Low,33,9,27.27272727272727,39
Desulfovibrio.2,High,50,23,46,80
Dubosiella,Control,38,12,31.57894736842105,109
Dubosiella,Low,33,14,42.42424242424242,37
Dubosiella,High,50,22,44,66.5
Duncaniella,Control,38,15,39.473684210526315,104
Duncaniella,Low,33,14,42.42424242424242,120.5
Duncaniella,High,50,30,60,146.5
Duncaniella.1,Control,38,6,15.789473684210526,44.5
Duncaniella.1,Low,33,6,18.181818181818183,35
Duncaniella.1,High,50,13,26,16
Dysosmobacter,Control,38,5,13.157894736842104,14
Dysosmobacter,Low,33,5,15.151515151515152,23
Dysosmobacter,High,50,6,12,27.5
Enterenecus,Control,38,4,10.526315789473683,41.5
Enterenecus,Low,33,3,9.090909090909092,51
Enterenecus,High,50,6,12,25
Erythrobacter,Control,38,2,5.263157894736842,66
Erythrobacter,Low,33,5,15.151515151515152,23
Erythrobacter,High,50,9,18,9
Eubacterium_R,Control,38,8,21.052631578947366,69.5
Eubacterium_R,Low,33,5,15.151515151515152,25
Eubacterium_R,High,50,7,14.000000000000002,31
Faecalibaculum,Control,38,12,31.57894736842105,156.5
Faecalibaculum,Low,33,12,36.36363636363637,67
Faecalibaculum,High,50,25,50,57
Fimbriiglobus,Control,38,9,23.684210526315788,27
Fimbriiglobus,Low,33,9,27.27272727272727,20
Fimbriiglobus,High,50,12,24,21
Gemella,Control,38,7,18.421052631578945,37
Gemella,Low,33,3,9.090909090909092,32
Gemella,High,50,8,16,20.5
HGM12619,Control,38,3,7.894736842105263,16
HGM12619,Low,33,4,12.121212121212121,59
HGM12619,High,50,8,16,10
HIMB11,Control,38,5,13.157894736842104,40
HIMB11,Low,33,9,27.27272727272727,60
HIMB11,High,50,10,20,52.5
Halomonas,Control,38,11,28.947368421052634,36
Halomonas,Low,33,15,45.45454545454545,111
Halomonas,High,50,26,52,71
Herbaspirillum,Control,38,14,36.84210526315789,38
Herbaspirillum,Low,33,9,27.27272727272727,14
Herbaspirillum,High,50,16,32,19.5
Herbaspirillum.1,Control,38,5,13.157894736842104,29
Herbaspirillum.1,Low,33,5,15.151515151515152,25
Herbaspirillum.1,High,50,9,18,30
Hylemonella,Control,38,23,60.526315789473685,37
Hylemonella,Low,33,19,57.57575757575758,15
Hylemonella,High,50,22,44,40
Ileibacterium,Control,38,7,18.421052631578945,46
Ileibacterium,Low,33,9,27.27272727272727,22
Ileibacterium,High,50,11,22,25
Klebsiella,Control,38,5,13.157894736842104,34
Klebsiella,Low,33,6,18.181818181818183,37.5
Klebsiella,High,50,8,16,20
Lachnospiraceae.NK4A136.group,Control,38,19,50,140
Lachnospiraceae.NK4A136.group,Low,33,22,66.66666666666666,84
Lachnospiraceae.NK4A136.group,High,50,32,64,103
Lacticaseibacillus,Control,38,2,5.263157894736842,23
Lacticaseibacillus,Low,33,6,18.181818181818183,34
Lacticaseibacillus,High,50,5,10,9
Lactobacillus,Control,38,21,55.26315789473685,167
Lactobacillus,Low,33,26,78.78787878787878,88
Lactobacillus,High,50,35,70,258
Lautropia,Control,38,3,7.894736842105263,15
Lautropia,Low,33,4,12.121212121212121,35.5
Lautropia,High,50,7,14.000000000000002,34
Ligilactobacillus,Control,38,8,21.052631578947366,71.5
Ligilactobacillus,Low,33,6,18.181818181818183,28
Ligilactobacillus,High,50,17,34,48
Limnohabitans,Control,38,5,13.157894736842104,17
Limnohabitans,Low,33,1,3.0303030303030303,34
Limnohabitans,High,50,10,20,31
Massilia,Control,38,28,73.68421052631578,71
Massilia,Low,33,26,78.78787878787878,44
Massilia,High,50,41,82,92
Methylobacterium,Control,38,21,55.26315789473685,44
Methylobacterium,Low,33,23,69.6969696969697,17
Methylobacterium,High,50,32,64,27.5
Methylobacterium.Methylorubrum,Control,38,17,44.73684210526316,34
Methylobacterium.Methylorubrum,Low,33,14,42.42424242424242,13
Methylobacterium.Methylorubrum,High,50,28,56.00000000000001,24.5
Methylophaga,Control,38,7,18.421052631578945,122
Methylophaga,Low,33,7,21.21212121212121,10
Methylophaga,High,50,20,40,30
Microbacterium,Control,38,1,2.631578947368421,5
Microbacterium,Low,33,8,24.242424242424242,9.5
Microbacterium,High,50,6,12,24
Moraxella,Control,38,10,26.31578947368421,30.5
Moraxella,Low,33,7,21.21212121212121,14
Moraxella,High,50,13,26,37
Moraxella_A,Control,38,15,39.473684210526315,35
Moraxella_A,Low,33,0,0,NA
Moraxella_A,High,50,8,16,26.5
Mucispirillum,Control,38,5,13.157894736842104,10
Mucispirillum,Low,33,4,12.121212121212121,54.5
Mucispirillum,High,50,13,26,13
Muribaculum,Control,38,12,31.57894736842105,56.5
Muribaculum,Low,33,13,39.39393939393939,105
Muribaculum,High,50,24,48,94.5
NM07.P.09,Control,38,4,10.526315789473683,7.5
NM07.P.09,Low,33,4,12.121212121212121,39.5
NM07.P.09,High,50,5,10,20
Neglecta,Control,38,4,10.526315789473683,42.5
Neglecta,Low,33,5,15.151515151515152,10
Neglecta,High,50,4,8,18.5
Neisseria,Control,38,5,13.157894736842104,17
Neisseria,Low,33,7,21.21212121212121,65
Neisseria,High,50,6,12,38.5
Nereida,Control,38,6,15.789473684210526,21
Nereida,Low,33,8,24.242424242424242,42
Nereida,High,50,12,24,15
Niallia,Control,38,4,10.526315789473683,55.5
Niallia,Low,33,5,15.151515151515152,10
Niallia,High,50,5,10,75
Novosphingobium,Control,38,33,86.8421052631579,34
Novosphingobium,Low,33,27,81.81818181818183,33
Novosphingobium,High,50,43,86,41
Odoribacter,Control,38,15,39.473684210526315,111
Odoribacter,Low,33,19,57.57575757575758,134
Odoribacter,High,50,26,52,124
Paramuribaculum,Control,38,13,34.21052631578947,78
Paramuribaculum,Low,33,15,45.45454545454545,85
Paramuribaculum,High,50,26,52,118.5
Pelagibacter,Control,38,2,5.263157894736842,101.5
Pelagibacter,Low,33,5,15.151515151515152,169
Pelagibacter,High,50,6,12,32.5
Pelethomonas,Control,38,2,5.263157894736842,104.5
Pelethomonas,Low,33,5,15.151515151515152,29
Pelethomonas,High,50,6,12,28.5
Pelomonas,Control,38,19,50,25
Pelomonas,Low,33,16,48.484848484848484,24
Pelomonas,High,50,33,66,32
Phaeobacter,Control,38,7,18.421052631578945,34
Phaeobacter,Low,33,3,9.090909090909092,11
Phaeobacter,High,50,4,8,10.5
Phocaeicola,Control,38,11,28.947368421052634,94
Phocaeicola,Low,33,10,30.303030303030305,49.5
Phocaeicola,High,50,20,40,39
Prevotella,Control,38,7,18.421052631578945,44
Prevotella,Low,33,6,18.181818181818183,23
Prevotella,High,50,15,30,16
Priestia,Control,38,15,39.473684210526315,72
Priestia,Low,33,20,60.60606060606061,102.5
Priestia,High,50,27,54,52
Pseudomonas,Control,38,38,100,11694.5
Pseudomonas,Low,33,33,100,15942
Pseudomonas,High,50,50,100,5948.5
Pseudomonas_E,Control,38,38,100,1675.5
Pseudomonas_E,Low,33,33,100,3225
Pseudomonas_E,High,50,50,100,933
Qipengyuania,Control,38,5,13.157894736842104,30
Qipengyuania,Low,33,6,18.181818181818183,22
Qipengyuania,High,50,5,10,11
Ralstonia,Control,38,27,71.05263157894737,34
Ralstonia,Low,33,30,90.9090909090909,25.5
Ralstonia,High,50,40,80,39
Rikenella,Control,38,8,21.052631578947366,95
Rikenella,Low,33,8,24.242424242424242,24
Rikenella,High,50,18,36,24.5
Rossellomorea,Control,38,7,18.421052631578945,98
Rossellomorea,Low,33,7,21.21212121212121,36
Rossellomorea,High,50,8,16,70
SOKP01,Control,38,14,36.84210526315789,117
SOKP01,Low,33,15,45.45454545454545,68
SOKP01,High,50,25,50,62
Sphingomonas,Control,38,28,73.68421052631578,31.5
Sphingomonas,Low,33,29,87.87878787878788,21
Sphingomonas,High,50,39,78,32
Staphylococcus,Control,38,4,10.526315789473683,22.5
Staphylococcus,Low,33,3,9.090909090909092,25
Staphylococcus,High,50,10,20,13
Stenotrophomonas,Control,38,3,7.894736842105263,10
Stenotrophomonas,Low,33,4,12.121212121212121,19.5
Stenotrophomonas,High,50,12,24,17
Streptococcus,Control,38,3,7.894736842105263,39
Streptococcus,Low,33,4,12.121212121212121,53
Streptococcus,High,50,7,14.000000000000002,56
Streptomyces,Control,38,5,13.157894736842104,14
Streptomyces,Low,33,4,12.121212121212121,17.5
Streptomyces,High,50,5,10,16
Tardiphaga,Control,38,4,10.526315789473683,112.5
Tardiphaga,Low,33,3,9.090909090909092,3
Tardiphaga,High,50,9,18,11
Thiomicrorhabdus,Control,38,10,26.31578947368421,30
Thiomicrorhabdus,Low,33,9,27.27272727272727,24
Thiomicrorhabdus,High,50,18,36,56.5
Turicibacter,Control,38,6,15.789473684210526,56.5
Turicibacter,Low,33,5,15.151515151515152,22
Turicibacter,High,50,5,10,12
UBA3282,Control,38,16,42.10526315789473,69
UBA3282,Low,33,21,63.63636363636363,80
UBA3282,High,50,25,50,63
UBA7173,Control,38,4,10.526315789473683,34
UBA7173,Low,33,2,6.0606060606060606,7.5
UBA7173,High,50,8,16,33.5
Undibacterium,Control,38,11,28.947368421052634,15
Undibacterium,Low,33,15,45.45454545454545,12
Undibacterium,High,50,17,34,22
VGCI01,Control,38,5,13.157894736842104,13
VGCI01,Low,33,5,15.151515151515152,12
VGCI01,High,50,4,8,15.5
Variovorax,Control,38,7,18.421052631578945,82
Variovorax,Low,33,6,18.181818181818183,36.5
Variovorax,High,50,12,24,49
Vibrio,Control,38,3,7.894736842105263,64
Vibrio,Low,33,4,12.121212121212121,19
Vibrio,High,50,6,12,98
ZC4RG30,Control,38,10,26.31578947368421,30.5
ZC4RG30,Low,33,6,18.181818181818183,71
ZC4RG30,High,50,13,26,27
