feature,metadata,value,coef,stderr,N,N.not.0,pval,qval,approximate_fold_change,direction
Moraxella_A,treatment,Low,-1.43081112105923,0.440069013394043,121,23,0.00426159006989743,0.10014736664259,0.23911489243872944,Lower than Control
Phaeobacter,treatment,High,-0.769280901734422,0.326430207666905,121,14,0.0302621735875851,0.300358979158318,0.4633461399468557,Lower than Control
Pseudomonas_E,treatment,Low,0.986012587461611,0.502670570847581,121,121,0.0649248123596064,0.425785978730442,2.6805247764481916,Higher than Control
Microbacterium,treatment,Low,0.688288610754135,0.348960745383131,121,15,0.0719578030783309,0.451763091328375,1.9903064279053468,Higher than Control
Stenotrophomonas,treatment,High,0.644279172282885,0.334244800686726,121,19,0.0720898549992087,0.451763091328375,1.9046136360421821,Higher than Control
Phaeobacter,treatment,Low,-0.664820104568541,0.357859873053351,121,14,0.080231910235579,0.472051816351967,0.5143660514868399,Lower than Control
Turicibacter,treatment,High,-0.670620864238514,0.379751053234488,121,16,0.0993756703039072,0.549489000503958,0.5113909748344138,Lower than Control
HIMB11,treatment,Low,0.638598497850185,0.387959300178388,121,24,0.102438195312153,0.554740156519939,1.8938248189474276,Higher than Control
Hylemonella,treatment,Low,-1.0192172168251,0.601400237633603,121,64,0.109013257992927,0.569291458407507,0.36087731833121656,Lower than Control
Microbacterium,treatment,High,0.538599697819028,0.318456568613293,121,15,0.115866625377207,0.594079788297679,1.7136056156609232,Higher than Control
Lacticaseibacillus,treatment,Low,0.498195122010999,0.303794508741129,121,13,0.125667534763424,0.621723593040099,1.6457482137782249,Higher than Control
Halomonas,treatment,High,1.14449693976765,0.727209931119885,121,52,0.134430633344971,0.642532857682741,3.1408609171215653,Higher than Control
Methylobacterium.Methylorubrum,treatment,High,1.13101244294733,0.738321285570993,121,59,0.146318028052239,0.666692274609286,3.098792262838184,Higher than Control
Moraxella_A,treatment,High,-0.59261802799707,0.401355026814951,121,23,0.156498053891229,0.668673502989799,0.5528779384259657,Lower than Control
Aquincola,treatment,High,-0.680599170089846,0.46545174060149,121,27,0.162757161131182,0.685037603567063,0.5063135335375616,Lower than Control
Herbaspirillum.1,treatment,High,0.543464196997674,0.395190272999916,121,19,0.171698124559133,0.685727171026808,1.7219617565131329,Higher than Control
Pelagibacter,treatment,Low,0.612750175478272,0.429161549025959,121,13,0.172647621074126,0.685727171026808,1.8454998744882058,Higher than Control
CAG.485,treatment,High,1.60104682380353,1.14805212677197,121,55,0.18379443672797,0.719560594458291,4.958220091449569,Higher than Control
Mucispirillum,treatment,High,0.359531323588854,0.27691282017018,121,22,0.196718560959379,0.73112678500596,1.432657804270578,Higher than Control
Staphylococcus,treatment,High,0.41792895260421,0.32294681449707,121,17,0.19817576467952,0.73112678500596,1.5188127628773738,Higher than Control
Halomonas,treatment,Low,1.06167341863693,0.795822223563603,121,52,0.199756319750422,0.73112678500596,2.8912051399252943,Higher than Control
HIMB11,treatment,High,0.437060769282406,0.354347860681502,121,24,0.219890227995296,0.765543756724364,1.5481501541717375,Higher than Control
Neisseria,treatment,Low,0.476933679439654,0.408938822846258,121,18,0.25873856260239,0.825872438844911,1.6111265896927425,Higher than Control
Acidovorax,treatment,High,0.662045223172909,0.568374907217082,121,27,0.260091314935424,0.825872438844911,1.9387534658372547,Higher than Control
Duncaniella,treatment,High,1.25211626467016,1.10367071714642,121,59,0.272362187278641,0.825872438844911,3.49773726834924,Higher than Control
Priestia,treatment,Low,1.24842585348629,1.13545876350227,121,62,0.289447878982611,0.868343636947832,3.484852968420909,Higher than Control
Eubacterium_R,treatment,High,-0.490993988164686,0.469312184043112,121,20,0.310306844040999,0.901851492702163,0.6120177533402325,Lower than Control
Lactobacillus,treatment,Low,2.12316400055765,2.03446750764484,121,82,0.310724228298053,0.901851492702163,8.357538956450338,Higher than Control
Bacteroides,treatment,High,0.705620722515443,0.676816697491189,121,29,0.312866965045492,0.901851492702163,2.02510332209863,Higher than Control
Paramuribaculum,treatment,High,1.05188907098315,1.01508611374072,121,54,0.315102367230648,0.901851492702163,2.863054525973932,Higher than Control
Herbaspirillum,treatment,Low,-0.808900020941192,0.784085578067682,121,39,0.316607438927355,0.901851492702163,0.4453476700075168,Lower than Control
Acidibacter,treatment,High,0.720090594101108,0.700710019225433,121,25,0.322229157793053,0.90868622497641,2.054619338604813,Higher than Control
Erythrobacter,treatment,High,0.373556990638326,0.375831364906599,121,16,0.336340270599284,0.931122738567876,1.452893362504233,Higher than Control
Aquincola,treatment,Low,-0.499777239012948,0.509877315603793,121,27,0.34107226747697,0.931122738567876,0.6066657861309567,Lower than Control
Acidibacter,treatment,Low,0.750340437516392,0.764675041121646,121,25,0.343202327101174,0.931122738567876,2.117720845532174,Higher than Control
Pelomonas,treatment,High,0.992506355762584,1.02504117120755,121,68,0.346885419838693,0.931122738567876,2.69798812336814,Higher than Control
Gemella,treatment,Low,-0.44327051091264,0.461515928457982,121,18,0.350200325605557,0.931122738567876,0.6419335335725428,Lower than Control
Undibacterium,treatment,High,0.702591825779433,0.750838757435334,121,43,0.361670285539267,0.931122738567876,2.0189787732515754,Higher than Control
Ligilactobacillus,treatment,Low,-0.698281098955862,0.751079543832782,121,31,0.36516731227703503,0.931122738567876,0.4974396188197492,Lower than Control
Brevundimonas,treatment,High,-0.251745754995288,0.278529702207049,121,13,0.367938484461699,0.931122738567876,0.7774423737839209,Lower than Control
Bacteroides,treatment,Low,0.687024968350336,0.741915167238418,121,29,0.368214835657525,0.931122738567876,1.9877929806901866,Higher than Control
Lactobacillus,treatment,High,1.72790100994771,1.87770841530754,121,82,0.370155026574078,0.931122738567876,5.628826648978422,Higher than Control
Undibacterium,treatment,Low,0.719126561372358,0.819531910111781,121,43,0.391306741838707,0.931122738567876,2.0526395727501408,Higher than Control
Neglecta,treatment,High,-0.207668714879243,0.245687039466528,121,13,0.399692540150643,0.931122738567876,0.8124761533928906,Lower than Control
Lachnospiraceae.NK4A136.group,treatment,Low,1.5848442582162099,1.84073598455668,121,73,0.401172493894749,0.931122738567876,4.878531528141572,Higher than Control
Odoribacter,treatment,Low,1.29970650538389,1.51791688517432,121,60,0.403732209770482,0.931122738567876,3.6682199068218657,Higher than Control
Priestia,treatment,High,0.892546111035813,1.03717205710642,121,62,0.403828227857065,0.931122738567876,2.4413376615566724,Higher than Control
Hylemonella,treatment,High,-0.463623828767625,0.548534647520625,121,64,0.410042663795759,0.931122738567876,0.6290001217203628,Lower than Control
Cryptobacteroides,treatment,Low,1.47802095560664,1.7610654336011,121,67,0.413505797887469,0.931122738567876,4.384260443468568,Higher than Control
Desulfovibrio.2,treatment,Low,-0.999946979229733,1.20381780887771,121,47,0.417505458174753,0.931122738567876,0.3678989469398795,Lower than Control
Tardiphaga,treatment,Low,-0.387879407840256,0.466473574034712,121,16,0.418149728360998,0.931122738567876,0.6784941594068689,Lower than Control
UBA3282,treatment,Low,1.23613184978078,1.49560220876164,121,62,0.419335417723831,0.931122738567876,3.4422724519369248,Higher than Control
CAG.485,treatment,Low,1.01353226815404,1.25399317181254,121,55,0.431381329838395,0.935737159959968,2.755316362550846,Higher than Control
Ralstonia,treatment,High,0.980517669713518,1.23415680034172,121,97,0.437319623779517,0.935737159959968,2.6658359073035367,Higher than Control
HGM12619,treatment,Low,0.288232864345009,0.358463425975904,121,15,0.437602073571163,0.935737159959968,1.3340679248092477,Higher than Control
Aquabacterium,treatment,Low,-0.512618562132082,0.645528298592838,121,20,0.437902215775696,0.935737159959968,0.5989252007926359,Lower than Control
Muribaculum,treatment,High,0.684764825606174,0.884401904507285,121,49,0.449451784684743,0.946673781279815,1.9833053580521782,Higher than Control
Fimbriiglobus,treatment,Low,0.941717506311753,1.21996276396589,121,30,0.451158850823999,0.946673781279815,2.5643819804881223,Higher than Control
Methylophaga,treatment,High,0.625045776074142,0.825105625784261,121,34,0.459202139296213,0.946673781279815,1.8683314803551223,Higher than Control
UBA7173,treatment,Low,-0.231455536938603,0.311948607460645,121,14,0.459594268437306,0.946673781279815,0.7933779707323197,Lower than Control
Turicibacter,treatment,Low,-0.315448585995402,0.416370299378974,121,16,0.461435109174395,0.946673781279815,0.7294615746169681,Lower than Control
Acinetobacter,treatment,High,0.713871411584269,0.953785923142476,121,121,0.464015434265402,0.946673781279815,2.0418809382121164,Higher than Control
Erythrobacter,treatment,Low,0.303375561325561,0.411758365034753,121,16,0.472631908232082,0.946673781279815,1.354423037847524,Higher than Control
Qipengyuania,treatment,Low,0.338635506456185,0.454527462428274,121,16,0.475817407062566,0.946673781279815,1.4030318559478618,Higher than Control
Cryptobacteroides,treatment,High,1.1805127834967999,1.61890893205474,121,67,0.476614966750473,0.946673781279815,3.256043420210295,Higher than Control
HGM12619,treatment,High,0.237223973590952,0.327209535679791,121,15,0.482502870881914,0.946673781279815,1.267725022906191,Higher than Control
Anaerobacillus,treatment,High,0.288329643293264,0.402876479518341,121,13,0.483407888313097,0.946673781279815,1.334197040747663,Higher than Control
Streptococcus,treatment,High,0.144833839416303,0.206345440450277,121,14,0.493114890770102,0.947302445541025,1.1558474980161098,Higher than Control
Pseudomonas_E,treatment,High,0.320327372273689,0.458532911688001,121,121,0.493524853073227,0.947302445541025,1.3775786715865668,Higher than Control
Eubacterium_R,treatment,Low,-0.359185308872978,0.513757027421285,121,20,0.493806593952236,0.947302445541025,0.6982449483777378,Lower than Control
Limnohabitans,treatment,Low,-0.287383022223767,0.429998152560908,121,16,0.51244646112486,0.961206260615744,0.7502243212109934,Lower than Control
Sphingomonas,treatment,Low,0.886183930154841,1.33352877926523,121,96,0.514972843905347,0.961206260615744,2.4258547345789325,Higher than Control
Thiomicrorhabdus,treatment,High,0.632322500065169,0.955760222989503,121,37,0.517972918003741,0.961206260615744,1.8819763978015276,Higher than Control
Streptomyces,treatment,Low,-0.217653386369359,0.329713978998452,121,14,0.51809699153756394,0.961206260615744,0.8044042108151889,Lower than Control
Novosphingobium,treatment,High,0.72215484358128,1.11702217476642,121,103,0.526608713619686,0.965401486182199,2.0588649660159715,Higher than Control
Prevotella,treatment,High,0.324706363281751,0.501869761617493,121,28,0.527205066922194,0.965401486182199,1.3836243034253766,Higher than Control
Bosea,treatment,High,0.232650179022644,0.364927441775503,121,14,0.534016434515692,0.971565384086615,1.2619399490371486,Higher than Control
Cutibacterium,treatment,High,0.570599758328061,0.92513953276833,121,38,0.54527248729464906,0.971804922352164,1.769327902419375,Higher than Control
Pelagibacter,treatment,High,0.23882261798204,0.3918507520868,121,13,0.550994458781072,0.971804922352164,1.269753285206614,Higher than Control
Neglecta,treatment,Low,-0.157234972340491,0.268991526323923,121,13,0.559985862577585,0.971804922352164,0.8545032505976702,Lower than Control
Streptomyces,treatment,High,-0.176861788193749,0.300841576608571,121,14,0.564527356183004,0.971804922352164,0.8378955835824676,Lower than Control
COE1,treatment,Low,-0.318425519075484,0.543858385134237,121,26,0.566601814481589,0.971804922352164,0.7272932454116465,Lower than Control
Massilia,treatment,High,0.933310794121528,1.62899966752571,121,95,0.574137258837107,0.971804922352164,2.542914321877525,Higher than Control
Nereida,treatment,Low,0.406201569226078,0.72128515267735,121,26,0.580355586120746,0.971804922352164,1.501105098557982,Higher than Control
Methylobacterium,treatment,High,0.651860767971221,1.1645613674214,121,76,0.582893558730368,0.971804922352164,1.9191085243332657,Higher than Control
Ileibacterium,treatment,High,-0.191171735193981,0.342338994903463,121,27,0.583997997837977,0.971804922352164,0.825990724292771,Lower than Control
Limnohabitans,treatment,High,0.21853666790211,0.393200096139307,121,16,0.585440050955663,0.971804922352164,1.2442546399980439,Higher than Control
Tardiphaga,treatment,High,0.230603450565999,0.425497943703028,121,16,0.595366252173575,0.971804922352164,1.259359742025163,Higher than Control
Desulfovibrio,treatment,High,-0.263352300957103,0.486518460979842,121,19,0.595492772270265,0.971804922352164,0.7684711165059415,Lower than Control
Pelethomonas,treatment,High,0.156332248733746,0.290216685547407,121,13,0.596839342190566,0.971804922352164,1.1692146086358672,Higher than Control
Ralstonia,treatment,Low,0.707079052335769,1.34280926866238,121,97,0.604752490645005,0.971804922352164,2.028058745129475,Higher than Control
Muribaculum,treatment,Low,0.50989517561602,0.967579887522399,121,49,0.604856728115437,0.971804922352164,1.665116640971145,Higher than Control
Caulobacter,treatment,High,0.305461459751192,0.583761449974971,121,55,0.607993696768257,0.971804922352164,1.3572511753081178,Higher than Control
Bradyrhizobium,treatment,Low,0.627188490411277,1.22532994696981,121,41,0.615256585352925,0.971804922352164,1.8723390730344325,Higher than Control
Pseudomonas,treatment,High,-0.244451889426972,0.487357438160205,121,121,0.622152232483425,0.971804922352164,0.7831336644684032,Lower than Control
VGCI01,treatment,Low,0.194878303038873,0.39022436279142,121,14,0.624336393120862,0.971804922352164,1.2151630958349549,Higher than Control
Pelethomonas,treatment,Low,0.158574803591902,0.318061895409516,121,13,0.624360712243105,0.971804922352164,1.171839578756346,Higher than Control
Nereida,treatment,High,0.327460686299376,0.659711408209248,121,26,0.625898721813914,0.971804922352164,1.3874405048051275,Higher than Control
Sphingomonas,treatment,High,0.598238611627417,1.22764410229381,121,96,0.632252367529293,0.971804922352164,1.8189121664149814,Higher than Control
UBA7173,treatment,High,0.135750584274954,0.284922469046177,121,14,0.634644212476221,0.971804922352164,1.1453961781471427,Higher than Control
Moraxella,treatment,Low,-0.398429504292558,0.843681332588361,121,30,0.642947354461706,0.971804922352164,0.6713736078811815,Lower than Control
ZC4RG30,treatment,Low,0.514407318357055,1.09924446401708,121,29,0.646298442597366,0.971804922352164,1.672646860873302,Higher than Control
Gemella,treatment,High,-0.195798623499849,0.421463193623289,121,18,0.648238141167708,0.971804922352164,0.8221777852935297,Lower than Control
Deinococcus,treatment,High,0.567817067951421,1.26836298636816,121,58,0.659977663974114,0.971804922352164,1.7644112546190682,Higher than Control
Methylobacterium.Methylorubrum,treatment,Low,-0.354184456849262,0.809568006962477,121,59,0.667977574358499,0.971804922352164,0.7017455136500181,Lower than Control
Odoribacter,treatment,High,0.610303016819417,1.39756089791099,121,60,0.667982140031469,0.971804922352164,1.8409891649524492,Higher than Control
Acinetobacter,treatment,Low,0.44951692257015,1.03560148325198,121,121,0.669335678407418,0.971804922352164,1.5675547522345847,Higher than Control
Bradyrhizobium,treatment,High,0.488290253040975,1.1310911990185,121,41,0.671454559225549,0.971804922352164,1.6295277567246853,Higher than Control
Vibrio,treatment,High,0.222449624471786,0.522792064188832,121,13,0.675674783033048,0.971804922352164,1.2491328923364071,Higher than Control
Desulfovibrio,treatment,Low,-0.225543091405469,0.53074685315194,121,19,0.676148556767602,0.971804922352164,0.7980826692030164,Lower than Control
Lachnospiraceae.NK4A136.group,treatment,High,0.718875135804868,1.69802158184665,121,73,0.677458654160992,0.971804922352164,2.052123551553889,Higher than Control
Aquabacterium,treatment,High,-0.246902691663955,0.590504393220148,121,20,0.681167428902947,0.971804922352164,0.7812167087308773,Lower than Control
NM07.P.09,treatment,Low,0.125295290900852,0.300110012219983,121,13,0.681397663899171,0.971804922352164,1.1334831109026067,Higher than Control
Novosphingobium,treatment,Low,-0.490613829415358,1.21906392198896,121,103,0.692215511601536,0.971804922352164,0.6122504614741227,Lower than Control
Variovorax,treatment,High,0.22069704397,0.550053919408173,121,25,0.693260129079932,0.971804922352164,1.2469456036447768,Higher than Control
Variovorax,treatment,Low,-0.241086659792183,0.602495404922934,121,25,0.693934750183937,0.971804922352164,0.7857735284670324,Lower than Control
Klebsiella,treatment,Low,0.207866884142193,0.519141096630741,121,19,0.694123097288815,0.971804922352164,1.231049286459621,Higher than Control
Qipengyuania,treatment,High,-0.168470566181306,0.415490760870871,121,16,0.695180023619025,0.971804922352164,0.8449561333385593,Lower than Control
COE1,treatment,High,-0.195480385554904,0.496060073834587,121,26,0.698822339007948,0.971804922352164,0.8224394750999054,Lower than Control
Alistipes,treatment,High,0.276625247450069,0.70535666730994,121,25,0.699632342562817,0.971804922352164,1.3186721026935755,Higher than Control
Lautropia,treatment,Low,0.168327529781889,0.429479344932219,121,14,0.703007816169651,0.971804922352164,1.1833241210750234,Higher than Control
Herbaspirillum.1,treatment,Low,0.151826576031731,0.432675793372885,121,19,0.726293300043516,0.982942924299246,1.163958360649765,Higher than Control
Stenotrophomonas,treatment,Low,0.129187867973466,0.366302791023898,121,19,0.728914135272883,0.982942924299246,1.1379038797820793,Higher than Control
Lautropia,treatment,High,0.132565512744441,0.391866157682896,121,14,0.74173123751427406,0.982942924299246,1.1417538130648501,Higher than Control
Moraxella,treatment,High,-0.255736249898084,0.772505987822877,121,30,0.744923827035496,0.982942924299246,0.7743461757440331,Lower than Control
Cutibacterium,treatment,Low,-0.32845113575016,1.00507315235059,121,38,0.747558195253654,0.982942924299246,0.7200381114883857,Lower than Control
Ileibacterium,treatment,Low,0.122252792531854,0.375220963417737,121,27,0.748702488524288,0.982942924299246,1.1300397312810615,Higher than Control
Bifidobacterium,treatment,High,-0.232555510423106,0.731418241864149,121,17,0.754710957467126,0.982942924299246,0.792505755795921,Lower than Control
Pelomonas,treatment,Low,0.349707328684093,1.11985974089987,121,68,0.758615841990085,0.982942924299246,1.4186522889967,Higher than Control
Niallia,treatment,Low,-0.119026840739936,0.386497385002157,121,14,0.758658168569067,0.982942924299246,0.8877839716634535,Lower than Control
Alistipes,treatment,Low,0.236775459344471,0.771606892794972,121,25,0.762447996606343,0.982942924299246,1.2671565576647064,Higher than Control
Herbaspirillum,treatment,High,-0.215552902160091,0.715596682297259,121,39,0.766945419453678,0.982942924299246,0.8060956249303136,Lower than Control
Neisseria,treatment,High,0.107015969882696,0.373264433055003,121,18,0.777681518350124,0.982942924299246,1.1129520280507386,Higher than Control
Rikenella,treatment,High,0.21616887491911,0.767021659499276,121,34,0.781699745802911,0.982942924299246,1.241311987762866,Higher than Control
Rikenella,treatment,Low,-0.234099532594334,0.838959553649939,121,34,0.783701121172381,0.982942924299246,0.7912830535207677,Lower than Control
VGCI01,treatment,High,-0.0952001597200938,0.356197708684373,121,14,0.79276930014677,0.982942924299246,0.9091909328515113,Lower than Control
Paramuribaculum,treatment,Low,0.288088571862404,1.10900746760212,121,54,0.798167296209266,0.982942924299246,1.3338754427236064,Higher than Control
Duncaniella.1,treatment,High,0.135415674968949,0.533870686880751,121,25,0.803045960374641,0.982942924299246,1.145012638537096,Higher than Control
UBA3282,treatment,High,0.34404073807469,1.37505926985297,121,62,0.805357903828976,0.982942924299246,1.4106361009359953,Higher than Control
ZC4RG30,treatment,High,0.24403168544277,1.01367179430142,121,29,0.812988993707316,0.982942924299246,1.276384772665404,Higher than Control
Dubosiella,treatment,High,0.240245910540636,1.00342811503323,121,48,0.813580954037367,0.982942924299246,1.2715618023278796,Higher than Control
Desulfovibrio.1,treatment,High,-0.164354207811703,0.697563653258856,121,37,0.816638869061885,0.982942924299246,0.8484414440625843,Lower than Control
Fimbriiglobus,treatment,High,0.263579364081584,1.12297826395108,121,30,0.817432135891373,0.982942924299246,1.3015805895907477,Higher than Control
Rossellomorea,treatment,High,0.0997354433762486,0.438783634846443,121,22,0.820587311770005,0.982942924299246,1.1048785764610536,Higher than Control
Phocaeicola,treatment,Low,-0.184275065824193,0.801984525478232,121,41,0.820995337827095,0.982942924299246,0.8317069981888647,Lower than Control
Lacticaseibacillus,treatment,High,-0.0557257201663066,0.277061595655735,121,13,0.843787551666278,0.982942924299246,0.9457985137767746,Lower than Control
Enterenecus,treatment,Low,-0.0685358615469612,0.347440647570967,121,13,0.845890553282412,0.982942924299246,0.9337599734259469,Lower than Control
Caulobacter,treatment,Low,0.126264592985857,0.639958082506636,121,55,0.846118830779757,0.982942924299246,1.1345823310974719,Higher than Control
Bifidobacterium,treatment,Low,0.145783727269314,0.799110067182108,121,17,0.857503854878175,0.982942924299246,1.156945945132602,Higher than Control
Prevotella,treatment,Low,-0.098623162066169,0.550127152254297,121,28,0.860107335720219,0.982942924299246,0.9060840905531262,Lower than Control
Phocaeicola,treatment,High,0.129499061739742,0.734552285273774,121,41,0.862202601208588,0.982942924299246,1.1382580434799983,Higher than Control
Bifidobacterium.1,treatment,High,0.120473905751623,0.685178147146502,121,31,0.862845612492064,0.982942924299246,1.1280313054526556,Higher than Control
Bosea,treatment,Low,-0.0689549495723222,0.39977820389972,121,14,0.865582222437313,0.982942924299246,0.9333687277914292,Lower than Control
Methylobacterium,treatment,Low,0.214196754036889,1.26754333053605,121,76,0.867722204856841,0.982942924299246,1.2388663827774111,Higher than Control
Duncaniella.1,treatment,Low,-0.098246518267126,0.584322433019673,121,25,0.86855764363814,0.982942924299246,0.9064254257841085,Lower than Control
Acidovorax,treatment,Low,0.104304211080547,0.622614002269623,121,27,0.868880621363207,0.982942924299246,1.1099380590177985,Higher than Control
Massilia,treatment,Low,0.28739951024819,1.76762613379406,121,95,0.872690621388252,0.982942924299246,1.3329566369511316,Higher than Control
Desulfovibrio.2,treatment,High,0.179183713135492,1.10523243118549,121,47,0.873153944870599,0.982942924299246,1.196240489073303,Higher than Control
Vibrio,treatment,Low,-0.0926453979418427,0.572730778265198,121,13,0.873316731930919,0.982942924299246,0.9115166686814261,Lower than Control
Mucispirillum,treatment,Low,0.0458405542088697,0.303179208467718,121,22,0.880078707805603,0.982942924299246,1.0469074726582681,Higher than Control
Staphylococcus,treatment,Low,-0.0527455360303387,0.353579727858826,121,17,0.881671749297947,0.982942924299246,0.948621371732336,Lower than Control
Anaerobacillus,treatment,Low,0.0631885582940033,0.441415404935353,121,13,0.887738697688771,0.982942924299246,1.0652276778094734,Higher than Control
Faecalibaculum,treatment,High,0.140009439365203,1.0213961960543,121,49,0.892749003690097,0.982942924299246,1.150284656762944,Higher than Control
Dysosmobacter,treatment,Low,0.0475764482789325,0.349206277767882,121,16,0.893374134235608,0.982942924299246,1.0487263713829702,Higher than Control
Bifidobacterium.1,treatment,Low,-0.0982312366646075,0.749560650348753,121,31,0.897473098751157,0.982942924299246,0.9064392775230161,Lower than Control
Methylophaga,treatment,Low,-0.109491731784407,0.900403976895391,121,34,0.904606094088375,0.982942924299246,0.8962895750469126,Lower than Control
Dysosmobacter,treatment,High,-0.0383921650862831,0.318498248075827,121,16,0.905582970397502,0.982942924299246,0.9623354725074674,Lower than Control
Enterenecus,treatment,High,-0.0376768014846888,0.318154620542956,121,13,0.907121391766057,0.982942924299246,0.9630241385709716,Lower than Control
Klebsiella,treatment,High,-0.0551799279512857,0.473740767639785,121,19,0.90874088886592,0.982942924299246,0.9463148641397585,Lower than Control
Brevundimonas,treatment,Low,-0.0330378006949777,0.304949458815182,121,13,0.913912672726782,0.982942924299246,0.9675019866503074,Lower than Control
Ligilactobacillus,treatment,High,0.0642303626350998,0.685890414723302,121,31,0.926479604782633,0.982942924299246,1.0663380149050488,Higher than Control
Duncaniella,treatment,Low,0.109340841886893,1.20284130372002,121,59,0.928600026332401,0.982942924299246,1.115542509164475,Higher than Control
Thiomicrorhabdus,treatment,Low,-0.0938721966638712,1.04745640896109,121,37,0.929722062796657,0.982942924299246,0.910399106849058,Lower than Control
Deinococcus,treatment,Low,-0.114454189880305,1.38322672457973,121,58,0.934979473969788,0.982942924299246,0.8918527933655475,Lower than Control
Rossellomorea,treatment,Low,-0.0366711815224956,0.480404175652024,121,22,0.939283737948187,0.982942924299246,0.9639930619714955,Lower than Control
Faecalibaculum,treatment,Low,0.0765512591888237,1.11214196332162,121,49,0.945980857725567,0.982942924299246,1.0795575261619983,Higher than Control
Clostridium,treatment,Low,-0.0485563889244623,0.730816387356561,121,32,0.947801935282724,0.982942924299246,0.9526036214976493,Lower than Control
Niallia,treatment,High,0.0208693505634367,0.353012600732953,121,14,0.95295908626573,0.982942924299246,1.0210886382672568,Higher than Control
SOKP01,treatment,Low,0.068980534380621,1.17021469761501,121,54,0.953711945930112,0.982942924299246,1.071415353181898,Higher than Control
Desulfovibrio.1,treatment,Low,-0.0441894617005452,0.762224864186564,121,37,0.954444963435109,0.982942924299246,0.956772668523119,Lower than Control
Clostridium,treatment,High,0.0348616921707009,0.667145332330244,121,32,0.958947725069098,0.982942924299246,1.0354764843904767,Higher than Control
Pseudomonas,treatment,Low,0.025755209875926,0.529584876769835,121,121,0.961740974830521,0.982942924299246,1.0260897410931205,Higher than Control
SOKP01,treatment,High,-0.051318098278091,1.07487992964874,121,54,0.962521589875498,0.982942924299246,0.9499764365962198,Lower than Control
Aquabacterium.1,treatment,High,0.0365983298374302,0.832426374139334,121,76,0.965514858265571,0.982942924299246,1.037276294212708,Higher than Control
NM07.P.09,treatment,High,-0.00963460040267892,0.27384036652573,121,13,0.972324489186489,0.986314769606438,0.9904116636619742,Lower than Control
Aquabacterium.1,treatment,Low,0.0147203239640485,0.910870745548726,121,76,0.987314482446596,0.995193110869999,1.0148292015144684,Higher than Control
Dubosiella,treatment,Low,-0.0118133712084147,1.09439793913105,121,48,0.99150657001725,0.995193110869999,0.9882561327001921,Lower than Control
Streptococcus,treatment,Low,0.00139121409676206,0.22612148689338,121,14,0.995171011120979,0.995193110869999,1.0013921822840268,Higher than Control
