Treatment,Trial,Arena,Fish_ID,Tank_ID,Batch,Body_mass,Body_length,Velocity,notes,Distance_moved,Time_moving,Time_not_moving,Arena_freq,Time_arena,Shelter_freq,Time_shelter,Distance_shelter,total_wbc,N-L_ratio,Lymphocyte,Neutrophil,Monocyte
low,Trial     1,Arena 4,1,1,Batch 1,0.5626,3.28,0,not came out,0,0,0,1,0.8,1,1199.2,0,48,0.337837838,74,25,1
low,Trial    17,Arena 3,9,2,Batch 1,1.1521,4.1,0,not came out,0,0,0,0,0,0,1200,0,28,1.279069767,43,55,2
low,Trial    25,Arena 3,14,2,Batch 1,0.6895,3.55,0,not came out,0,0,0,0,0,0,1200,0,58,0.5625,64,36,
Control,Trial    33,Arena 3,18,16,Batch 1,0.4553,2.95,0,not came out,0,0,0,0,0,0,1200,0,50,0.678571429,56,38,6
Control,Trial    33,Arena 2,19,16,Batch 1,0.3585,2.7,0,not came out,0,0,0,0,0,0,1200,0,43,0.637931035,58,37,5
high,Trial     2,Arena 3,22,3,Batch 2,0.5748,3.36,0,not came out,0,0,0,0,0,0,1200,0,66,0.256410256,78,20,2
high,Trial     2,Arena 2,23,3,Batch 2,1.0127,4.1,0,not came out,0,0,0,0,0,0,1200,0,24,0.256410256,78,20,2
Control,Trial    18,Arena 4,29,4,Batch 2,0.5299,3.29,0,not came out,0,0,0,0,0,0,1200,0,44,0.291666667,72,21,7
Control,Trial    18,Arena 1,32,4,Batch 2,0.6404,3.4,0,not came out,0,0,0,0,0,0,1200,0,52,0.053763441,93,5,2
Control,Trial    11,Arena 3,46,5,Batch 3,0.7225,3.74,0,not came out,0,0,0,0,0,0,1200,0,34,0.178571429,84,15,1
high,Trial    11,Arena 1,48,6,Batch 3,0.3937,2.92,0,not came out,0,0,0,0,0,0,1200,0,55,0.315789474,76,24,
high,Trial    19,Arena 1,52,6,Batch 3,0.4729,3.15,0,not came out,0,0,0,0,0,0,1200,0,31,0.298701299,77,23,
Control,Trial     4,Arena 4,61,7,Batch 4,0.703,3.52,0,not came out,0,0,0,0,0,0,1200,0,58,0.149425287,87,13,
Control,Trial    12,Arena 3,66,7,Batch 4,0.8303,3.7,0,not came out,0,0,0,0,0,0,1200,0,37,0.192771084,83,16,1
Control,Trial    13,Arena 3,86,9,Batch 5,1.1822,4.1,0,not came out,0,0,0,0,0,0,1200,0,50,0.149425287,87,13,
high,Trial    21,Arena 4,89,10,Batch 5,0.7412,3.49,0,not came out,0,0,0,0,0,0,1200,0,36,0.298701299,77,23,
low,Trial    14,Arena 2,107,11,Batch 6,0.8001,3.7,0,not came out,0,0,0,0,0,0,1200,0,21,0.833333333,54,45,1
low,Trial    14,Arena 1,108,12,Batch 6,0.6155,3.39,0,not came out,0,0,0,0,0,0,1200,0,26,1.106382979,47,52,1
low,Trial    22,Arena 2,111,12,Batch 6,0.5509,3.25,0,not came out,0,0,0,0,0,0,1200,0,27,1.152173913,46,53,1
low,Trial    30,Arena 3,114,12,Batch 6,0.2827,2.65,0,not came out,0,0,0,0,0,0,1200,0,26,0.754385965,57,43,
high,Trial    38,Arena 3,118,22,Batch 6,0.5306,3.21,0,not came out,0,0,0,0,0,0,1200,0,25,0.449275362,69,31,
high,Trial    38,Arena 1,120,22,Batch 6,0.4921,3.21,0,not came out,0,0,0,0,0,0,1200,0,29,0.190476191,84,16,
high,Trial     7,Arena3,122,13,Batch 7,0.8686,3.8,0,not came out,0,0,0,0,0,0,1200,0,37,0.369863014,73,27,
high,Trial     7,Arena 1,124,13,Batch 7,0.6435,3.3,0,not came out,0,0,0,0,0,0,1200,0,27,0.204819277,83,17,
high,Trial    15,Arena 3,126,13,Batch 7,0.797,3.5,0,not came out,0,0,0,0,0,0,1200,0,35,0.492537313,67,33,
high,Trial    15,Arena 2,127,13,Batch 7,0.667,3.4,0,not came out,0,0,0,0,0,0,1200,0,29,0.219512195,82,18,
high,Trial    39,Arena 2,139,23,Batch 7,0.4828,3.2,0,not came out,0,0,0,0,0,0,1200,0,24,0.492537313,67,33,
low,Trial     8,Arena 4,141,19,Batch 8,0.755,3.5,0,not came out,0,0,0,0,0,0,1200,0,19,0.785714286,56,44,
low,Trial     8,Arena 3,142,19,Batch 8,0.817,3.7,0,not came out,0,0,0,0,0,0,1200,0,19,0.818181818,55,45,
low,Trial     8,Arena 2,143,19,Batch 8,0.5685,3.2,0,not came out,0,0,0,0,0,0,1200,0,35,0.851851852,54,46,
Control,Trial    32,Arena 4,153,20,Batch 8,1.12,4.1,0,not came out,0,0,0,0,0,0,1200,0,60,0.123595506,89,11,
Control,Trial    32,Arena 2,155,24,Batch 8,0.4091,2.8,0,not came out,0,0,0,0,0,0,1200,0,74,0.207317073,82,17,1
Control,Trial    40,Arena 2,159,24,Batch 8,0.4621,3.1,0,not came out,0,0,0,0,0,0,1200,0,33,0.111111111,90,10,
Control,Trial    40,Arena 1,160,24,Batch 8,0.5081,3.2,0,not came out,0,0,0,0,0,0,1200,0,43,0.265822785,79,21,
low,Trial     9,Arena 3,6,1,Batch 1,0.769,3.7,0.131663,,157.995,1.8,1198.2,1,1200,5,0,0.0103312,62,1.666666667,36,60,4
low,Trial     6,Arena 1,104,11,Batch 6,0.8298,3.75,0.14083,,160.874,0.666666,1144.67,4,1146.67,5,53.33,3.1139,32,0.754385965,57,43,
Control,Trial     4,Arena 3,62,7,Batch 4,0.4198,3.09,0.149139,,178.718,0,1199.33,2,1200,0,0,17.1776,39,0.53125,64,34,2
low,Trial     9,Arena 2,7,1,Batch 1,0.5568,3.3,0.199969,,239.963,9.6,1190.4,1,1200,2,0,0.000491269,34,0.830188679,53,44,3
Control,Trial    10,Arena 1,28,4,Batch 2,0.7466,3.59,0.228065,,35.122,0,161.667,8,166.666,9,1033.334,0.346993,35,0.587301587,63,37,
high,Trial     2,Arena 4,21,3,Batch 2,0.5118,3.2,0.230406,,64.099,0.6,279.8,4,281.4,5,918.6,11.4204,43,0.137931035,87,12,1
low,Trial     6,Arena 2,103,11,Batch 6,0.825,3.8,0.250126,,188.761,3.66666,773.999,23,785.333,0,414.667,7.60785,26,0.923076923,52,48,
low,Trial     6,Arena 4,101,11,Batch 6,0.4067,2.89,0.2669,,158.894,2.33333,595.999,3,599.333,5,600.667,9.36245,30,0.666666667,60,40,
high,Trial    19,Arena 3,50,6,Batch 3,0.5683,3.21,0.34882,,3.18589,0.033333,9.49999,5,9.86666,1,1190.13334,0.2033,20,0.47761194,67,32,1
Control,Trial     3,Arena 1,44,5,Batch 3,0.6208,3.4,0.358509,,1.79254,0,6.99999,3,8.66666,4,1191.33334,0.0211946,54,0.298701299,77,23,
Control,Trial    24,Arena 4,149,20,Batch 8,0.6795,3.5,0.369864,,34.2247,0.166667,94.0666,17,95.7332,2,1104.2668,0.447684,46,0.282051282,78,22,
Control,Trial    31,Arena 3,134,15,Batch 7,0.4571,3.1,0.422541,,1.28171,0.066667,3.13333,2,3.26666,1,1196.73334,0.569688,44,0.136363636,88,12,
Control,Trial     5,Arena 1,84,9,Batch 5,0.4898,3.16,0.43864,,494.785,65.6666,1094.33,16,1178.33,3,21.67,9.51615,58,0.256410256,78,20,2
high,Trial    15,Arena 4,125,13,Batch 7,0.8105,3.7,0.440486,,111.399,0.766666,255.266,24,257.3,1,942.7,0.148225,22,0.369863014,73,27,
Control,Trial    33,Arena 1,20,16,Batch 1,0.4651,3.1,0.456645,,547.989,12.9,1187.13,1,1200,0,0,16.9321,60,0.185185185,81,15,4
low,Trial     9,Arena 1,8,2,Batch 1,0.446,3.02,0.473642,,276.702,14.6,572.6,5,588.2,10,611.8,0.0444754,35,0.960784314,51,49,
low,Trial    34,Arena 3,38,14,Batch 2,0.7399,3.53,0.57291,,167.824,6.69999,286.5,1,293.333,0,906.667,8.6517,55,1,44,44,12
Control,Trial     4,Arena 2,63,7,Batch 4,1.0326,4,0.580766,,7.74353,1.66666,13.3333,2,16,0,1184,1.6076,29,0.219512195,82,18,
low,Trial    22,Arena 4,109,12,Batch 6,0.4212,3.02,0.586479,,239.889,15.9333,393.2,1,409.166,0,790.834,13.7598,33,0.706896552,58,41,1
Control,Trial    33,Arena 4,17,16,Batch 1,0.75,3.71,0.600388,,22.1343,1.59999,36.0333,5,38.4333,0,1161.5667,0.619056,31,0.371428571,70,26,4
low,Trial     1,Arena 2,3,1,Batch 1,0.5586,3.18,0.607509,,322.587,50.8,490.6,19,546,0,654,3.56083,37,1.175,40,47,13
high,Trial    19,Arena 4,49,6,Batch 3,0.4174,3.05,0.616541,,649.094,40.7,1012.3,2,1053.07,1,146.93,11.5256,43,0.302631579,76,23,1
Control,Trial     3,Arena 4,41,5,Batch 3,0.3871,2.87,0.617361,,22.4308,1.33333,48.3333,11,55.6666,0,1144.3334,0.90588,60,0.25,80,20,
Control,Trial    18,Arena 2,31,4,Batch 2,0.6481,3.4,0.620999,,70.2556,3.36666,110.433,6,114.367,0,1085.633,6.63645,64,0.283783784,74,21,5
high,Trial    21,Arena 1,92,10,Batch 5,0.3939,2.91,0.622867,,31.0188,3.23333,47.3333,6,50.9333,14,1149.0667,1.75867,28,0.394366197,71,28,1
high,Trial    20,Arena 4,69,8,Batch 4,0.488,2.96,0.623232,,747.899,34.1333,1165.9,1,1200,0,0,16.9398,27,0.204819277,83,17,
high,Trial     7,Arena 4,121,13,Batch 7,0.5752,3.3,0.638489,,616.78,76.6666,902.999,15,984.999,1,215.001,6.63373,36,0.666666667,60,40,
low,Trial    26,Arena 1,36,14,Batch 2,0.8179,3.69,0.643315,,450.942,29.3,672.366,7,701.999,0,498.001,12.6321,51,1.0625,48,51,1
Control,Trial    24,Arena 2,151,20,Batch 8,0.6023,3.25,0.64546,,433.921,24.2333,648.399,4,673.033,0,526.967,14.8837,61,0.162790698,86,14,
Control,Trial    31,Arena 4,133,15,Batch 7,0.708,3.6,0.663998,,314.314,14.8333,458.8,2,473.766,1,726.234,3.80088,33,0.204819277,83,17,
high,Trial    12,Arena 1,68,8,Batch 4,0.5771,3.2,0.680563,,75.4516,4,108.7,16,114.3,22,1085.7,1.03941,37,0.234567901,81,19,
Control,Trial    15,Arena 1,128,15,Batch 7,0.4838,3.1,0.686162,,817.516,57.0333,1134.4,1,1191.47,0,8.53,11.6436,40,0.190476191,84,16,
low,Trial    25,Arena 4,13,2,Batch 1,0.471,3.11,0.700631,,840.78,55.4666,1144.57,1,1200,0,0,16.4876,66,0.959183674,49,47,3
low,Trial    26,Arena 2,35,14,Batch 2,0.548,3.26,0.713803,,440.725,34.8,582.733,1,617.566,1,582.434,4.62386,47,1,50,50,
low,Trial     1,Arena 1,4,1,Batch 1,0.4825,3.1,0.71565,,79.0077,7.2,115.2,22,128,31,1072,1.17316,50,1.666666667,33,55,12
low,Trial     6,Arena 3,102,11,Batch 6,0.7456,3.78,0.778714,,320.83,54.3333,367.666,10,425.333,8,774.667,5.72094,28,0.706896552,58,41,1
high,Trial    35,Arena 1,60,17,Batch 3,0.4724,3,0.785108,,153.62,3.09999,194.766,23,199.3,32,1000.7,10.4622,26,0.269230769,78,21,1
Control,Trial    18,Arena 3,30,4,Batch 2,0.6112,3.39,0.785202,,44.1021,4.29999,53.3333,15,58.6999,12,1141.3001,1.51839,45,0.655172414,58,38,4
high,Trial    20,Arena 3,70,8,Batch 4,1.2635,4.19,0.78983,,123.398,12.5333,144.833,11,157.867,4,1042.133,9.23481,31,0.190476191,84,16,
high,Trial    27,Arena 1,56,17,Batch 3,0.915,4,0.847683,,549.496,56.9666,593.366,20,652.033,0,547.967,15.1875,39,0.137931035,87,12,1
high,Trial    13,Arena 1,88,10,Batch 5,0.4985,3.17,0.85623,,1013.38,120,1063.83,4,1184.3,6,15.7,11.6791,22,0.315789474,76,24,
low,Trial    14,Arena 4,105,11,Batch 6,0.7824,3.62,0.857206,,542.897,62.6666,572.099,15,635.733,0,564.267,7.16086,31,0.455882353,68,31,1
high,Trial    27,Arena 2,55,17,Batch 3,0.9504,3.92,0.873112,,52.2121,5.76667,54.1333,2,60.0666,6,1139.9334,1.31523,44,0.484848485,66,32,2
high,Trial    21,Arena 2,91,10,Batch 5,0.6245,3.4,0.877464,,314.278,35.3333,327.933,36,365.4,0,834.6,3.8898,35,0.266666667,75,20,5
low,Trial    36,Arena 2,79,18,Batch 4,0.4697,3.1,0.878642,,99.2162,11.5,101.64,2,113.22,0,1086.78,4.42976,36,0.65,60,39,1
Control,Trial    12,Arena 2,67,7,Batch 4,0.4172,2.9,0.897811,,16.9387,1.56666,17.5,2,19.2333,0,1180.7667,5.45783,41,0.180722892,83,15,2
low,Trial    14,Arena 3,106,11,Batch 6,0.4936,3.2,0.901566,,1078.81,151.433,1045.6,4,1197.17,0,2.83,14.0696,23,0.666666667,60,40,
low,Trial    28,Arena 1,76,18,Batch 4,0.7305,3.59,0.909722,,256.572,30.8333,251.666,3,282.6,0,917.4,8.69244,40,0.65,60,39,1
Control,Trial    11,Arena 4,45,5,Batch 3,0.9308,3.95,0.927369,,62.7519,6.83332,61.0333,2,68.1999,0,1131.8001,13.7918,62,0.098901099,91,9,
low,Trial    16,Arena 3,146,19,Batch 8,0.39,3,0.931096,,43.5752,4.46666,44.3,14,49.6333,1,1150.3667,2.11127,59,0.724137931,58,42,
high,Trial    20,Arena 1,72,8,Batch 4,0.4042,2.78,0.963065,,287.828,35.7333,265.433,19,302.233,4,897.767,2.46572,28,0.156626506,83,13,4
Control,Trial    25,Arena 1,16,16,Batch 1,0.887,3.88,0.965348,,999.682,156.933,879.599,7,1037.3,2,162.7,8.51807,46,0.557377049,61,34,5
Control,Trial    16,Arena 1,148,20,Batch 8,0.6213,3.3,0.985528,,236.494,28.3333,214.066,25,243.6,54,956.4,1.51137,40,0.149425287,87,13,
high,Trial    20,Arena 2,71,8,Batch 4,0.5149,3.18,1.0214,,348.909,43.1999,300.166,17,344.3,0,855.7,4.99167,29,0.127906977,86,11,3
high,Trial    31,Arena 1,136,23,Batch 7,0.4664,3,1.02897,,2.67531,0.133334,2.56666,2,2.76666,1,1197.23334,0.33733,33,0.219512195,82,18,
high,Trial    38,Arena 2,119,22,Batch 6,0.5534,3.3,1.03702,,48.9816,3.83333,43.9666,7,48.3,9,1151.7,0.906568,32,0.176470588,85,15,
high,Trial    29,Arena 4,93,10,Batch 5,0.422,3,1.06605,,1126.71,151.367,917.466,73,1075.97,0,124.03,17.5544,51,0.282051282,78,22,
Control,Trial    11,Arena 2,47,5,Batch 3,0.4443,2.99,1.07203,,148.655,18.4333,120.733,5,139.333,0,1060.667,7.97437,64,0.136363636,88,12,
high,Trial     2,Arena 1,24,3,Batch 2,0.5211,3.29,1.07733,,160.307,23.6,137,20,166.2,11,1033.8,3.32,39,0.202531646,79,16,5
high,Trial    19,Arena 2,51,6,Batch 3,0.8186,3.71,1.08416,,115.174,11.5333,98.0666,29,110.6,0,1089.4,2.61148,23,0.136363636,88,12,
high,Trial    21,Arena 3,90,10,Batch 5,0.3381,2.89,1.08811,,1305.4,188.6,1011.33,1,1200,0,0,13.2635,25,0.265822785,79,21,
Control,Trial     5,Arena 4,81,9,Batch 5,0.5265,3.15,1.10582,,713.621,137,533.999,11,675.333,1,524.667,5.8332,45,0.265822785,79,21,
Control,Trial     4,Arena 1,64,7,Batch 4,1.3362,4.5,1.10875,,518.524,89.9999,434.333,41,546.999,72,653.001,3.16832,45,0.185185185,81,15,4
low,Trial    17,Arena 4,10,2,Batch 1,0.6993,3.5,1.16312,,229.87,33.8,166.333,21,201.333,1,998.667,4.16319,38,0.420289855,69,29,2
low,Trial    22,Arena 3,110,12,Batch 6,0.9373,3.9,1.17423,,651.034,98.4999,458.633,23,558.666,19,641.334,9.67279,48,0.754385965,57,43,
low,Trial    36,Arena 3,78,18,Batch 4,0.4536,3.28,1.17747,,1137.79,164.16,803.36,17,968.02,4,231.98,8.30931,26,1.043478261,46,48,6
low,Trial    29,Arena 2,95,21,Batch 5,0.5121,3.28,1.19217,,593.977,76.5333,422.8,11,499.7,11,700.3,4.8243,33,1.083333333,48,52,
Control,Trial    25,Arena 2,15,16,Batch 1,0.2965,2.55,1.1974,,17.1228,2.96665,11.7333,4,14.9333,0,1185.0667,1.77665,60,0.548387097,62,34,4
high,Trial    27,Arena 3,54,6,Batch 3,0.4101,3,1.20077,,32.3407,5.13332,23.4,12,29.4666,0,1170.5334,1.02895,28,0.46875,64,30,6
low,Trial    34,Arena 2,39,14,Batch 2,0.4745,3.05,1.22745,,369.135,57.7999,244.533,17,303.466,0,896.534,6.28563,56,0.414285714,70,29,1
high,Trial    10,Arena 4,25,3,Batch 2,1.0201,4,1.22944,,370.06,59.6666,249.666,8,314.333,0,885.667,9.22352,26,0.53968254,63,34,3
Control,Trial     3,Arena 2,43,5,Batch 3,0.6041,3.4,1.27422,,364.851,66.6666,230.333,11,301,0,899,9.88893,55,0.27027027,74,20,6
low,Trial    28,Arena 2,75,18,Batch 4,0.4191,2.89,1.28712,,107.002,18.7666,64.6666,3,83.5999,2,1116.4001,6.88882,21,1.30952381,42,55,3
high,Trial    31,Arena 2,135,23,Batch 7,0.4994,3.1,1.28875,,25.775,1.96667,18.3333,5,20.5666,1,1179.4334,0.755201,40,0.111111111,90,10,
low,Trial     9,Arena 4,5,1,Batch 1,0.9499,3.81,1.32952,,65.1467,6.6,43.4,1,50.2,1,1149.8,1.49977,35,1.0625,48,51,1
high,Trial    10,Arena 3,26,3,Batch 2,1.1106,4.21,1.3316,,471.831,96.6666,272.333,15,374.333,15,825.667,7.56741,49,0.484375,64,31,5
Control,Trial    23,Arena 2,131,15,Batch 7,0.3477,2.88,1.34428,,1559.1,248.166,912.332,6,1160.8,7,39.2,9.42704,59,0.190476191,84,16,
low,Trial    22,Arena 1,112,12,Batch 6,0.6788,3.59,1.36048,,167.385,28.6333,97.1332,25,127.667,13,1072.333,6.97909,29,1,50,50,
Control,Trial    24,Arena 3,150,20,Batch 8,0.4751,3.1,1.46452,,109.497,20.2666,56.8333,25,78.5333,1,1121.4667,1.3991,62,0.190476191,84,16,
high,Trial    27,Arena 4,53,6,Batch 3,0.88,3.8,1.47069,,379.634,68.6666,193.133,31,263.5,4,936.5,4.74885,18,0.182926829,82,15,3
high,Trial    30,Arena 1,116,22,Batch 6,0.3811,2.9,1.51229,,214.896,34.1333,108.633,6,142.967,5,1057.033,6.1158,25,0.515151515,66,34,
Control,Trial    40,Arena 4,157,24,Batch 8,0.661,3.5,1.51537,,15.7598,2.5,7.99999,1,10.5333,0,1189.4667,3.8574,51,0.176470588,85,15,
high,Trial    39,Arena 3,138,23,Batch 7,0.6412,3.5,1.57638,,907.524,133.6,445.466,32,580.199,17,619.801,8.42567,17,0.298701299,77,23,
Control,Trial    23,Arena 1,132,15,Batch 7,0.4892,3.2,1.62608,,490.318,91.3332,212.033,17,304.2,12,895.8,5.82084,50,0.123595506,89,11,
Control,Trial    23,Arena 4,129,15,Batch 7,0.5824,3.38,1.66066,,577.022,88.6999,261.133,24,350.833,0,849.167,8.14276,46,0.136363636,88,12,
low,Trial     8,Arena 1,144,19,Batch 8,0.5889,3.4,1.72829,,594.531,126.667,254,38,396,62,804,4.58929,23,0.265822785,79,21,
low,Trial    16,Arena 4,145,19,Batch 8,0.4991,3.15,1.73345,,90.6594,17.1333,35.8666,8,53.4666,1,1146.5334,5.69936,24,0.960784314,51,49,
Control,Trial    13,Arena 2,87,9,Batch 5,0.5587,3.22,1.74955,,927.668,177.133,357.166,36,536.466,1,663.534,8.71464,53,0.111111111,90,10,
low,Trial    34,Arena 1,40,14,Batch 2,0.3537,2.7,1.82943,,427.293,72.2333,162.933,14,235.866,3,964.134,10.2299,45,0.754385965,57,43,
Control,Trial     5,Arena 3,82,9,Batch 5,0.4841,3.18,1.83609,,18.9729,4,9.33332,5,16,5,1184,2.75251,70,0.282051282,78,22,
high,Trial    28,Arena 3,74,8,Batch 4,0.5652,3.2,1.86694,,770.549,144.333,272.133,39,419.666,8,780.334,8.39712,28,0.240506329,79,19,2
Control,Trial    12,Arena 4,65,7,Batch 4,0.9124,3.73,1.87002,,1716.43,346.333,575.866,37,924.066,0,275.934,11.3516,58,0.098901099,91,9,
Control,Trial    32,Arena 3,154,20,Batch 8,0.5601,3.1,1.90528,,229.904,38.3333,84.5999,24,124.033,3,1075.967,5.02473,61,0.282051282,78,22,
low,Trial    37,Arena 3,98,21,Batch 5,0.4322,2.99,1.93986,,1009.96,158.967,365.066,31,525.633,1,674.367,7.82612,36,0.408450704,71,29,
low,Trial    37,Arena 4,97,21,Batch 5,0.8558,3.8,1.94217,,31.8516,6.29999,10.6,5,17.0666,1,1182.9334,1.15797,35,1.0625,48,51,1
Control,Trial    40,Arena 3,158,24,Batch 8,0.5014,3.2,1.95955,,1267.96,235.433,414.4,22,650.999,1,549.001,13.9073,35,0.136363636,88,12,
low,Trial    30,Arena 4,113,12,Batch 6,0.3711,2.89,1.96682,,717.821,136.333,233.7,42,372.766,20,827.234,9.04409,25,1.040816327,49,51,
low,Trial    17,Arena 2,11,2,Batch 1,0.7824,3.69,1.9701,,791.912,144.833,259.1,15,404.466,1,795.534,9.09174,35,0.884615385,52,46,2
high,Trial    10,Arena 2,27,3,Batch 2,0.5193,3.29,2.01203,,1690.78,354,527.999,39,898.666,57,301.334,7.74623,45,0.164705882,85,14,1
low,Trial     1,Arena 3,2,1,Batch 1,0.5491,3.4,2.01775,,441.888,93,143.8,30,245.6,29,954.4,4.27303,45,1.742857143,35,61,4
Control,Trial    13,Arena 4,85,9,Batch 5,0.4121,3,2.03939,,539.758,106.967,160.833,34,269.633,1,930.367,5.0341,43,0.219512195,82,18,
low,Trial    36,Arena 1,80,18,Batch 4,0.4316,3,2.05317,,266.214,48.48,82.14,18,131.36,29,1068.64,6.19996,42,0.818181818,55,45,
low,Trial    36,Arena 4,77,18,Batch 4,0.4365,2.99,2.15333,,771.281,157.96,201.66,19,360.52,31,839.48,4.99415,34,0.639344262,61,39,
Control,Trial    24,Arena 1,152,20,Batch 8,0.6223,3.4,2.17902,,2458.07,416.166,713.199,15,1130.03,4,69.97,12.4718,45,0.149425287,87,13,
high,Trial    28,Arena 4,73,8,Batch 4,0.8393,3.71,2.20246,,476.759,97.3333,120.167,10,217.866,4,982.134,9.89555,26,0.154761905,84,13,3
low,Trial    34,Arena 4,37,14,Batch 2,0.5876,3.39,2.27126,,2.04413,0.366667,0.733332,2,1.33333,0,1198.66667,1.35479,70,0.785714286,56,44,
high,Trial    29,Arena 3,94,10,Batch 5,0.7085,3.51,2.27351,,446.138,87.8666,113.4,44,203.4,3,996.6,8.12525,36,0.123595506,89,11,
high,Trial    39,Arena 4,137,23,Batch 7,0.3986,2.9,2.27927,,522.104,99.2999,130.967,11,230.833,0,969.167,9.45672,26,0.234567901,81,19,
Control,Trial     3,Arena 3,42,5,Batch 3,0.3787,2.99,2.29705,,313.164,81.9999,75.6666,15,167.333,7,1032.667,6.09782,52,0.195121951,82,16,2
high,Trial    38,Arena 4,117,22,Batch 6,0.5064,3.18,2.3563,,5.57657,1.1,1.83333,5,3.23333,0,1196.76667,1.04822,23,0.204819277,83,17,
Control,Trial    26,Arena 4,33,4,Batch 2,0.4488,3.07,2.40909,,516.349,90.1666,125.533,10,216.366,2,983.634,11.4249,55,0.678571429,56,38,6
Control,Trial    32,Arena 1,156,24,Batch 8,0.5907,3.35,2.4553,,1555.92,250.133,389.566,35,641.999,5,558.001,11.4413,45,0.253164557,79,20,1
Control,Trial     5,Arena 2,83,9,Batch 5,0.5317,3.2,2.52225,,1626.85,388.333,346,41,771.999,26,428.001,11.7124,65,0.098901099,91,9,
high,Trial     7,Arena 2,123,13,Batch 7,0.483,3,2.55514,,42.5856,0.999999,16.6666,2,18.3333,1,1181.6667,1.15056,31,0.25,80,20,
Control,Trial    23,Arena 3,130,15,Batch 7,0.3123,2.57,2.55544,,733.751,150.867,139.567,32,291.833,3,908.167,10.3636,46,0.234567901,81,19,
low,Trial    37,Arena 1,100,21,Batch 5,0.5304,3.3,2.56692,,2371.07,438.9,490.366,49,931.599,71,268.401,9.6096,29,1.127659574,47,53,
low,Trial    16,Arena 2,147,19,Batch 8,0.737,3.7,2.64606,,125.6,15.6,32.3333,5,48.3,1,1151.7,4.24686,34,0.886792453,53,47,
high,Trial    39,Arena 1,140,23,Batch 7,0.6641,3.6,2.73405,,296.28,44.7333,66.1333,27,111.933,50,1088.067,4.21333,34,0.253164557,79,20,1
low,Trial    17,Arena 1,12,2,Batch 1,0.691,3.61,2.83438,,2712.78,515.633,447.233,48,965.499,0,234.501,12.4131,41,1.106382979,47,52,1
low,Trial    37,Arena 2,99,21,Batch 5,0.4107,3.02,3.00085,,269.577,43.7,49.5333,29,94.9999,1,1105.0001,10.4499,36,1.173913043,46,54,
low,Trial    29,Arena 1,96,21,Batch 5,0.7302,3.5,3.04817,,459.766,75.5999,76.8333,17,153.067,2,1046.933,7.82163,27,0.818181818,55,45,
Control,Trial    26,Arena 3,34,4,Batch 2,0.464,3.11,4.58038,,361.391,56.1666,28.3666,52,87.3666,0,1112.6334,7.40327,41,0.298701299,77,23,
high,Trial    35,Arena 2,59,17,Batch 3,0.8625,3.64,5.80466,,5.41764,0.666665,0.566667,1,1.26666,0,1198.73334,16.9682,31,0.2125,80,17,3
high,Trial    35,Arena 4,57,17,Batch 3,0.5642,3.29,6.40075,,17.282,2.09999,0.766669,1,3.03333,0,1196.96667,16.5777,36,0.185185185,81,15,4
high,Trial    35,Arena 3,58,17,Batch 3,0.6133,3.4,16.0401,,10.1587,0.799999,0.033333,2,1.13333,2,1198.86667,0,40,0.204819277,83,17,
high,Trial    30,Arena 2,115,22,Batch 6,0.4689,3.02,19.3717,,120.104,0.466668,6.03332,4,6.63333,3,1193.36667,0.58576,22,0.204819277,83,17,
